Cancer_Type	N	Gene1	Gene2	Gene1_Mutated	Gene2_Mutated	Observed_CoMutation	Expected_Independence	Permutation_Expected	Null_SD	Observed_Expected_Ratio	Permutation_Z	Permutation_P	FDR	Direction
uterine corpus endometrioid carcinoma	42	TIMELESS	NPAS2	8	16	4	3.0476190476190474	3.0571	1.258172440402737	1.3084295574237021	0.7494203256416748	0.6912308769123088	1.0	Enriched
uterine corpus endometrioid carcinoma	42	TIMELESS	CRY1	8	9	4	1.7142857142857142	1.7082	1.0637508714880846	2.3416461772626156	2.154451818962079	0.0496950304969503	0.993900609939006	Enriched
uterine corpus endometrioid carcinoma	42	TIMELESS	CRY2	8	9	1	1.7142857142857142	1.7092	1.0558157200399454	0.5850690381465012	-0.6717081272223986	0.6562343765623437	1.0	Depleted
uterine corpus endometrioid carcinoma	42	TIMELESS	ARNTL	8	7	2	1.3333333333333333	1.3414	0.9544302665534928	1.4909795735798421	0.6900451746760354	0.5958404159584042	1.0	Enriched
uterine corpus endometrioid carcinoma	42	TIMELESS	CSNK1D	8	7	1	1.3333333333333333	1.3252	0.9700201306701787	0.7546030787805614	-0.3352507744095187	1.0	1.0	Depleted
uterine corpus endometrioid carcinoma	42	TIMELESS	CSNK1E	8	7	3	1.3333333333333333	1.3243	0.9640655850331059	2.2653477308766896	1.73815975387448	0.11208879112088792	1.0	Enriched
uterine corpus endometrioid carcinoma	42	TIMELESS	PER1	8	13	2	2.4761904761904763	2.47	1.1942540032432072	0.8097165991902834	-0.39355111954712513	1.0	1.0	Depleted
uterine corpus endometrioid carcinoma	42	TIMELESS	PER2	8	18	4	3.4285714285714284	3.418	1.2653995904900401	1.1702750146284375	0.4599337666725606	0.7078292170782922	1.0	Enriched
uterine corpus endometrioid carcinoma	42	TIMELESS	PER3	8	22	6	4.190476190476191	4.2157	1.291487632163159	1.4232511801124368	1.3815850462395927	0.24887511248875113	1.0	Enriched
uterine corpus endometrioid carcinoma	42	TIMELESS	RORA	8	9	2	1.7142857142857142	1.7128	1.0556645313546704	1.1676786548341895	0.27205612338936264	1.0	1.0	Enriched
uterine corpus endometrioid carcinoma	42	TIMELESS	RORB	8	10	1	1.9047619047619047	1.9147	1.0923109558740278	0.5222750300308142	-0.8373989064937009	0.6559344065593441	1.0	Depleted
uterine corpus endometrioid carcinoma	42	TIMELESS	RORC	8	8	2	1.5238095238095237	1.5159	0.9909820354272089	1.3193482419684675	0.48850532370277144	1.0	1.0	Enriched
uterine corpus endometrioid carcinoma	42	TIMELESS	CLOCK	8	14	5	2.6666666666666665	2.673	1.2135972486077014	1.8705574261129816	1.9174400755025187	0.0922907709229077	1.0	Enriched
uterine corpus endometrioid carcinoma	42	TIMELESS	NR1D1	8	5	1	0.9523809523809523	0.9681	0.8397338300262347	1.0329511414110113	0.03798822776855784	1.0	1.0	Enriched
uterine corpus endometrioid carcinoma	42	TIMELESS	NR1D2	8	5	2	0.9523809523809523	0.9586	0.8302740363865112	2.0863759649488838	1.2542846751324943	0.23987601239876014	1.0	Enriched
uterine corpus endometrioid carcinoma	42	NPAS2	CRY1	16	9	2	3.4285714285714284	3.4272	1.308385014869367	0.5835667600373483	-1.0908104141979156	0.44555544445555445	1.0	Depleted
uterine corpus endometrioid carcinoma	42	NPAS2	CRY2	16	9	3	3.4285714285714284	3.414	1.3116310600179306	0.8787346221441125	-0.3156375391067215	1.0	1.0	Depleted
uterine corpus endometrioid carcinoma	42	NPAS2	ARNTL	16	7	4	2.6666666666666665	2.6698	1.1813160079974685	1.4982395685070042	1.1260323156501666	0.39706029397060294	1.0	Enriched
uterine corpus endometrioid carcinoma	42	NPAS2	CSNK1D	16	7	4	2.6666666666666665	2.6717	1.1796008883624929	1.4971740839166074	1.1260588332075008	0.39316068393160686	1.0	Enriched
uterine corpus endometrioid carcinoma	42	NPAS2	CSNK1E	16	7	4	2.6666666666666665	2.6803	1.1874480676186765	1.4923702570607769	1.1113749190282851	0.39586041395860416	1.0	Enriched
uterine corpus endometrioid carcinoma	42	NPAS2	PER1	16	13	7	4.9523809523809526	4.9543	1.4737804154185543	1.4129140342732576	1.3880629560537485	0.18868113188681132	1.0	Enriched
uterine corpus endometrioid carcinoma	42	NPAS2	PER2	16	18	7	6.857142857142857	6.8471	1.561206368976457	1.0223306217230652	0.09793708444851056	1.0	1.0	Enriched
uterine corpus endometrioid carcinoma	42	NPAS2	PER3	16	22	10	8.380952380952381	8.3856	1.5808739849385927	1.1925205113527952	1.0212072659685836	0.35096490350964904	1.0	Enriched
uterine corpus endometrioid carcinoma	42	NPAS2	RORA	16	9	4	3.4285714285714284	3.4224	1.3185416547115685	1.168770453482936	0.43805972904689927	0.7151284871512849	1.0	Enriched
uterine corpus endometrioid carcinoma	42	NPAS2	RORB	16	10	5	3.8095238095238093	3.8165	1.3695310553365168	1.3101008777675882	0.8641644126201974	0.46895310468953105	1.0	Enriched
uterine corpus endometrioid carcinoma	42	NPAS2	RORC	16	8	3	3.0476190476190474	3.0436	1.2470182618769243	0.9856748587199369	-0.03496340136541098	1.0	1.0	Depleted
uterine corpus endometrioid carcinoma	42	NPAS2	CLOCK	16	14	6	5.333333333333333	5.2954	1.4938413557669434	1.1330588812931979	0.47166989806508336	0.7452254774522548	1.0	Enriched
uterine corpus endometrioid carcinoma	42	NPAS2	NR1D1	16	5	3	1.9047619047619047	1.9075	1.0414663773840815	1.5727391874180865	1.0490016996459386	0.35476452354764526	1.0	Enriched
uterine corpus endometrioid carcinoma	42	NPAS2	NR1D2	16	5	2	1.9047619047619047	1.9222	1.036655499894997	1.0404744563520967	0.07504903992491282	1.0	1.0	Enriched
uterine corpus endometrioid carcinoma	42	CRY1	CRY2	9	9	1	1.9285714285714286	1.9339	1.1059173094357149	0.5170898185014737	-0.8444573495974258	0.6524347565243476	1.0	Depleted
uterine corpus endometrioid carcinoma	42	CRY1	ARNTL	9	7	0	1.5	1.5	0.9999499937491874	0.0	-1.5000750131273441	0.3097690230976902	1.0	Depleted
uterine corpus endometrioid carcinoma	42	CRY1	CSNK1D	9	7	1	1.5	1.5214	1.018354429741658	0.6572893387669252	-0.5120024863369739	0.6836316368363163	1.0	Depleted
uterine corpus endometrioid carcinoma	42	CRY1	CSNK1E	9	7	2	1.5	1.5008	1.0076214021590693	1.3326226012793179	0.49542417313719717	1.0	1.0	Enriched
uterine corpus endometrioid carcinoma	42	CRY1	PER1	9	13	3	2.7857142857142856	2.7728	1.2447228982827268	1.081938834391229	0.18253058597496258	1.0	1.0	Enriched
uterine corpus endometrioid carcinoma	42	CRY1	PER2	9	18	6	3.857142857142857	3.8724	1.3515549970648657	1.549426712116517	1.5741867734723705	0.1426857314268573	1.0	Enriched
uterine corpus endometrioid carcinoma	42	CRY1	PER3	9	22	8	4.714285714285714	4.7311	1.3458729239392326	1.690938682336032	2.4288325753907465	0.024297570242975703	0.8099190080991902	Enriched
uterine corpus endometrioid carcinoma	42	CRY1	RORA	9	9	1	1.9285714285714286	1.9334	1.1102647021187682	0.5172235440157236	-0.8407004187548706	0.6618338166183382	1.0	Depleted
uterine corpus endometrioid carcinoma	42	CRY1	RORB	9	10	1	2.142857142857143	2.137	1.1497665834070985	0.4679457182966776	-0.988896369409809	0.42485751424857515	1.0	Depleted
uterine corpus endometrioid carcinoma	42	CRY1	RORC	9	8	1	1.7142857142857142	1.695	1.0580581027027152	0.5899705014749262	-0.6568637376573975	0.6686331366863314	1.0	Depleted
uterine corpus endometrioid carcinoma	42	CRY1	CLOCK	9	14	6	3.0	3.0079	1.2725562973609439	1.9947471657967355	2.3512515762210953	0.0410958904109589	0.9863013698630138	Enriched
uterine corpus endometrioid carcinoma	42	CRY1	NR1D1	9	5	2	1.0714285714285714	1.0702	0.8739269619559081	1.8688095683049897	1.063933303898811	0.5624437556244376	1.0	Enriched
uterine corpus endometrioid carcinoma	42	CRY1	NR1D2	9	5	1	1.0714285714285714	1.0691	0.8738429779743129	0.9353661958656815	-0.0790759916160031	1.0	1.0	Depleted
uterine corpus endometrioid carcinoma	42	CRY2	ARNTL	9	7	1	1.5	1.5061	1.0072061538849146	0.6639665360865813	-0.502479058579926	0.6872312768723128	1.0	Depleted
uterine corpus endometrioid carcinoma	42	CRY2	CSNK1D	9	7	2	1.5	1.5234	1.0102249726915016	1.3128528291978467	0.47177610223811217	1.0	1.0	Enriched
uterine corpus endometrioid carcinoma	42	CRY2	CSNK1E	9	7	2	1.5	1.5011	1.0145450804040288	1.3323562720671507	0.49174749317331445	1.0	1.0	Enriched
uterine corpus endometrioid carcinoma	42	CRY2	PER1	9	13	6	2.7857142857142856	2.7875	1.2337325316274836	2.1524663677130045	2.6038869184735014	0.0160983901609839	0.8099190080991902	Enriched
uterine corpus endometrioid carcinoma	42	CRY2	PER2	9	18	3	3.857142857142857	3.8503	1.3340419321699295	0.7791600654494455	-0.6373862616274112	0.7193280671932807	1.0	Depleted
uterine corpus endometrioid carcinoma	42	CRY2	PER3	9	22	7	4.714285714285714	4.7248	1.357368485312847	1.481544192346766	1.676184488308354	0.1406859314068593	1.0	Enriched
uterine corpus endometrioid carcinoma	42	CRY2	RORA	9	9	2	1.9285714285714286	1.9421	1.0822498401347294	1.0298130889243602	0.053499661402391235	1.0	1.0	Enriched
uterine corpus endometrioid carcinoma	42	CRY2	RORB	9	10	4	2.142857142857143	2.1532	1.152415969282197	1.8577001671930151	1.602546345440104	0.18438156184381563	1.0	Enriched
uterine corpus endometrioid carcinoma	42	CRY2	RORC	9	8	2	1.7142857142857142	1.7286	1.0726868628404895	1.1570056693277797	0.2530095309280932	1.0	1.0	Enriched
uterine corpus endometrioid carcinoma	42	CRY2	CLOCK	9	14	4	3.0	2.9867	1.2677869846247194	1.3392707670673318	0.7992667634933557	0.44575542445755423	1.0	Enriched
uterine corpus endometrioid carcinoma	42	CRY2	NR1D1	9	5	0	1.0714285714285714	1.064	0.8634689096057747	0.0	-1.232238923907266	0.33336666333366666	1.0	Depleted
uterine corpus endometrioid carcinoma	42	CRY2	NR1D2	9	5	1	1.0714285714285714	1.0656	0.865893536851798	0.9384384384384383	-0.07575989103522765	1.0	1.0	Depleted
uterine corpus endometrioid carcinoma	42	ARNTL	CSNK1D	7	7	1	1.1666666666666667	1.1653	0.9206848951012537	0.8581481163648845	-0.17954025408641128	1.0	1.0	Depleted
uterine corpus endometrioid carcinoma	42	ARNTL	CSNK1E	7	7	3	1.1666666666666667	1.1754	0.9173434427188052	2.5523226135783563	1.9890042431570503	0.0801919808019198	1.0	Enriched
uterine corpus endometrioid carcinoma	42	ARNTL	PER1	7	13	1	2.1666666666666665	2.1468	1.1229318134177864	0.46580957704490406	-1.0212552412328293	0.40215978402159785	1.0	Depleted
uterine corpus endometrioid carcinoma	42	ARNTL	PER2	7	18	1	3.0	2.9992	1.2133204748364983	0.33342224593224856	-1.6477097695638931	0.21207879212078792	1.0	Depleted
uterine corpus endometrioid carcinoma	42	ARNTL	PER3	7	22	3	3.6666666666666665	3.6506	1.2173199360819973	0.8217827206486605	-0.5344527602940499	0.6891310868913109	1.0	Depleted
uterine corpus endometrioid carcinoma	42	ARNTL	RORA	7	9	1	1.5	1.4903	0.9911630291808918	0.6710058377507885	-0.4946713966976647	1.0	1.0	Depleted
uterine corpus endometrioid carcinoma	42	ARNTL	RORB	7	10	2	1.6666666666666667	1.67	1.0498620009420774	1.1976047904191618	0.31432702555562514	1.0	1.0	Enriched
uterine corpus endometrioid carcinoma	42	ARNTL	RORC	7	8	2	1.3333333333333333	1.3534	0.9556148596458709	1.4777597162701346	0.6766324251588295	0.5920407959204079	1.0	Enriched
uterine corpus endometrioid carcinoma	42	ARNTL	CLOCK	7	14	3	2.3333333333333335	2.341	1.1550984482902418	1.2815036309269543	0.570514141868549	0.6683331666833316	1.0	Enriched
uterine corpus endometrioid carcinoma	42	ARNTL	NR1D1	7	5	0	0.8333333333333334	0.8269	0.7923377877628907	0.0	-1.0436205527123643	0.5693430656934306	1.0	Depleted
uterine corpus endometrioid carcinoma	42	ARNTL	NR1D2	7	5	1	0.8333333333333334	0.8431	0.8019642789242343	1.1860989206499823	0.19564462423496945	1.0	1.0	Enriched
uterine corpus endometrioid carcinoma	42	CSNK1D	CSNK1E	7	7	2	1.1666666666666667	1.1748	0.9088055637787852	1.7024174327545114	0.908005004468551	0.5764423557644236	1.0	Enriched
uterine corpus endometrioid carcinoma	42	CSNK1D	PER1	7	13	2	2.1666666666666665	2.1592	1.1299482458519199	0.9262689885142646	-0.14089140859718896	1.0	1.0	Depleted
uterine corpus endometrioid carcinoma	42	CSNK1D	PER2	7	18	1	3.0	2.9764	1.209540962073585	0.3359763472651525	-1.6340083237956196	0.20767923207679231	1.0	Depleted
uterine corpus endometrioid carcinoma	42	CSNK1D	PER3	7	22	4	3.6666666666666665	3.6533	1.2205933371969064	1.0949005009169792	0.284042186233948	1.0	1.0	Enriched
uterine corpus endometrioid carcinoma	42	CSNK1D	RORA	7	9	1	1.5	1.5061	1.0211106975767468	0.6639665360865813	-0.4956367622051687	0.688031196880312	1.0	Depleted
uterine corpus endometrioid carcinoma	42	CSNK1D	RORB	7	10	3	1.6666666666666667	1.6829	1.0415642445896274	1.782637114504724	1.2645403361738217	0.3301669833016698	1.0	Enriched
uterine corpus endometrioid carcinoma	42	CSNK1D	RORC	7	8	1	1.3333333333333333	1.3382	0.9662888447111151	0.7472724555372888	-0.3499988661269389	1.0	1.0	Depleted
uterine corpus endometrioid carcinoma	42	CSNK1D	CLOCK	7	14	2	2.3333333333333335	2.3381	1.1619481065608024	0.855395406526667	-0.2909768500770028	1.0	1.0	Depleted
uterine corpus endometrioid carcinoma	42	CSNK1D	NR1D1	7	5	2	0.8333333333333334	0.8475	0.7941705236799388	2.359882005899705	1.4511996676226082	0.1932806719328067	1.0	Enriched
uterine corpus endometrioid carcinoma	42	CSNK1D	NR1D2	7	5	1	0.8333333333333334	0.8268	0.796909823334267	1.2094823415578133	0.21733952189889194	1.0	1.0	Enriched
uterine corpus endometrioid carcinoma	42	CSNK1E	PER1	7	13	3	2.1666666666666665	2.1622	1.1414996549041154	1.3874757191749145	0.7339467834270824	0.6607339266073393	1.0	Enriched
uterine corpus endometrioid carcinoma	42	CSNK1E	PER2	7	18	3	3.0	3.0057	1.2131837006278756	0.9981036031540074	-0.004698381619411833	1.0	1.0	Depleted
uterine corpus endometrioid carcinoma	42	CSNK1E	PER3	7	22	5	3.6666666666666665	3.6728	1.2150258387289046	1.3613591810063166	1.0923224491986492	0.4163583641635836	1.0	Enriched
uterine corpus endometrioid carcinoma	42	CSNK1E	RORA	7	9	3	1.5	1.4956	1.003733723722987	2.0058839261834716	1.4988038803956616	0.1538846115388461	1.0	Enriched
uterine corpus endometrioid carcinoma	42	CSNK1E	RORB	7	10	1	1.6666666666666667	1.6689	1.0437345103870128	0.5991970759182695	-0.6408717862092865	0.6625337466253375	1.0	Depleted
uterine corpus endometrioid carcinoma	42	CSNK1E	RORC	7	8	1	1.3333333333333333	1.3187	0.9629242090129577	0.758322590429969	-0.33097101206613383	1.0	1.0	Depleted
uterine corpus endometrioid carcinoma	42	CSNK1E	CLOCK	7	14	2	2.3333333333333335	2.322	1.1443106853885747	0.8613264427217915	-0.2813921115231553	1.0	1.0	Depleted
uterine corpus endometrioid carcinoma	42	CSNK1E	NR1D1	7	5	0	0.8333333333333334	0.8455	0.7939098055055925	0.0	-1.064982437723581	0.561043895610439	1.0	Depleted
uterine corpus endometrioid carcinoma	42	CSNK1E	NR1D2	7	5	0	0.8333333333333334	0.8297	0.7918084402559789	0.0	-1.0478544529429004	0.5697430256974303	1.0	Depleted
uterine corpus endometrioid carcinoma	42	PER1	PER2	13	18	6	5.571428571428571	5.5783	1.4918752223855443	1.0755965078966712	0.2826643902066367	1.0	1.0	Enriched
uterine corpus endometrioid carcinoma	42	PER1	PER3	13	22	7	6.809523809523809	6.7843	1.5213825851826523	1.0317939949589494	0.14177893325504562	1.0	1.0	Enriched
uterine corpus endometrioid carcinoma	42	PER1	RORA	13	9	5	2.7857142857142856	2.7867	1.2415946463023158	1.7942369110417338	1.7826268876010307	0.10598940105989402	1.0	Enriched
uterine corpus endometrioid carcinoma	42	PER1	RORB	13	10	5	3.0952380952380953	3.0917	1.2970194046095045	1.6172332373774947	1.471296414855516	0.24137586241375864	1.0	Enriched
uterine corpus endometrioid carcinoma	42	PER1	RORC	13	8	2	2.4761904761904763	2.4676	1.172556066366499	0.8105041335710812	-0.39878690103833814	1.0	1.0	Depleted
uterine corpus endometrioid carcinoma	42	PER1	CLOCK	13	14	7	4.333333333333333	4.3209	1.4183526932453168	1.6200328635238028	1.8888813852568516	0.08189181081891811	1.0	Enriched
uterine corpus endometrioid carcinoma	42	PER1	NR1D1	13	5	2	1.5476190476190477	1.5404	0.9747116734114907	1.2983640612827838	0.47152405427894395	1.0	1.0	Enriched
uterine corpus endometrioid carcinoma	42	PER1	NR1D2	13	5	2	1.5476190476190477	1.5326	0.9904722830722491	1.3049719431032234	0.4718960923875807	1.0	1.0	Enriched
uterine corpus endometrioid carcinoma	42	PER2	PER3	18	22	9	9.428571428571429	9.4077	1.6308116582445893	0.9566631589017507	-0.24999821281560478	1.0	1.0	Depleted
uterine corpus endometrioid carcinoma	42	PER2	RORA	18	9	6	3.857142857142857	3.8784	1.3312365150738266	1.547029702970297	1.5937062843279521	0.14258574142585742	1.0	Enriched
uterine corpus endometrioid carcinoma	42	PER2	RORB	18	10	1	4.285714285714286	4.2836	1.3838217140418143	0.23344850126062192	-2.3728490214316587	0.026997300269973004	0.8099190080991902	Depleted
uterine corpus endometrioid carcinoma	42	PER2	RORC	18	8	4	3.4285714285714284	3.429	1.2758219986256771	1.1665208515602217	0.44755459665618297	0.7111288871112889	1.0	Enriched
uterine corpus endometrioid carcinoma	42	PER2	CLOCK	18	14	5	6.0	5.9964	1.5276846605377055	0.8338336335134413	-0.6522288439089867	0.7455254474552545	1.0	Depleted
uterine corpus endometrioid carcinoma	42	PER2	NR1D1	18	5	4	2.142857142857143	2.1257	1.0417331859948977	1.8817330761631461	1.7992131048508038	0.14078592140785923	1.0	Enriched
uterine corpus endometrioid carcinoma	42	PER2	NR1D2	18	5	2	2.142857142857143	2.1391	1.0453996728752142	0.9349726520499275	-0.13305915776444277	1.0	1.0	Depleted
uterine corpus endometrioid carcinoma	42	PER3	RORA	22	9	4	4.714285714285714	4.7049	1.3373088010938043	0.8501774745478118	-0.5271033881056135	0.716028397160284	1.0	Depleted
uterine corpus endometrioid carcinoma	42	PER3	RORB	22	10	8	5.238095238095238	5.2221	1.4019158772239801	1.5319507477834586	1.9815026315991873	0.07239276072392761	1.0	Enriched
uterine corpus endometrioid carcinoma	42	PER3	RORC	22	8	5	4.190476190476191	4.1982	1.293632137978506	1.1909866133104665	0.6198052571984897	0.7066293370662934	1.0	Enriched
uterine corpus endometrioid carcinoma	42	PER3	CLOCK	22	14	11	7.333333333333333	7.3131	1.5351560378039883	1.5041500868304822	2.401645115680905	0.022097790220977902	0.8099190080991902	Enriched
uterine corpus endometrioid carcinoma	42	PER3	NR1D1	22	5	1	2.619047619047619	2.6258	1.064841654319964	0.3808363165511463	-1.5267997766656478	0.1780821917808219	1.0	Depleted
uterine corpus endometrioid carcinoma	42	PER3	NR1D2	22	5	1	2.619047619047619	2.6252	1.0586959165427863	0.3809233582203261	-1.535096125908519	0.17378262173782622	1.0	Depleted
uterine corpus endometrioid carcinoma	42	RORA	RORB	9	10	2	2.142857142857143	2.1471	1.1495189121423524	0.9314889851427507	-0.1279665766662773	1.0	1.0	Depleted
uterine corpus endometrioid carcinoma	42	RORA	RORC	9	8	3	1.7142857142857142	1.7081	1.0440322745677137	1.756337450968913	1.237413853450955	0.32926707329267074	1.0	Enriched
uterine corpus endometrioid carcinoma	42	RORA	CLOCK	9	14	2	3.0	3.0169	1.2690844918856878	0.6629321488945606	-0.8012862866908289	0.46565343465653436	1.0	Depleted
uterine corpus endometrioid carcinoma	42	RORA	NR1D1	9	5	0	1.0714285714285714	1.0759	0.8825061312575514	0.0	-1.2191416715336207	0.3408659134086591	1.0	Depleted
uterine corpus endometrioid carcinoma	42	RORA	NR1D2	9	5	0	1.0714285714285714	1.073	0.8636814195983701	0.0	-1.2423562388304792	0.32886711328867113	1.0	Depleted
uterine corpus endometrioid carcinoma	42	RORB	RORC	10	8	1	1.9047619047619047	1.8948	1.0979314666000493	0.5277601857715853	-0.8149871164280554	0.6584341565843416	1.0	Depleted
uterine corpus endometrioid carcinoma	42	RORB	CLOCK	10	14	5	3.3333333333333335	3.3558	1.3177936173778504	1.4899576852017402	1.2476915795598056	0.26247375262473754	1.0	Enriched
uterine corpus endometrioid carcinoma	42	RORB	NR1D1	10	5	0	1.1904761904761905	1.1959	0.8977771384809473	0.0	-1.3320677802327214	0.30956904309569044	1.0	Depleted
uterine corpus endometrioid carcinoma	42	RORB	NR1D2	10	5	1	1.1904761904761905	1.2038	0.9056199946762857	0.830702774547267	-0.22503920098721802	1.0	1.0	Depleted
uterine corpus endometrioid carcinoma	42	RORC	CLOCK	8	14	3	2.6666666666666665	2.6616	1.2061637215122618	1.127141568981064	0.2805589274196719	1.0	1.0	Enriched
uterine corpus endometrioid carcinoma	42	RORC	NR1D1	8	5	1	0.9523809523809523	0.9438	0.8356502804038983	1.0595465140919686	0.06725301399149491	1.0	1.0	Enriched
uterine corpus endometrioid carcinoma	42	RORC	NR1D2	8	5	0	0.9523809523809523	0.9382	0.8269517186114866	0.0	-1.134528145821267	0.5628437156284372	1.0	Depleted
uterine corpus endometrioid carcinoma	42	CLOCK	NR1D1	14	5	2	1.6666666666666667	1.6498	0.9858281522225725	1.212268153715602	0.35523432680479455	1.0	1.0	Enriched
uterine corpus endometrioid carcinoma	42	CLOCK	NR1D2	14	5	3	1.6666666666666667	1.6653	1.0014869982285153	1.8014772113132769	1.3327182503226602	0.3096690330966903	1.0	Enriched
uterine corpus endometrioid carcinoma	42	NR1D1	NR1D2	5	5	2	0.5952380952380952	0.5897	0.6820560314541646	3.391555027980329	2.067718684333304	0.0963903609639036	1.0	Enriched
