Gene1	Gene2	Cancer_Types	Significant_Cancer_Count	Enriched_Cancer_Count	Depleted_Cancer_Count	Best_FDR	Median_OE_Ratio	Max_OE_Ratio
CRY1	PER3	1	0	1	0	0.8099190080991902	1.690938682336032	1.690938682336032
CRY2	PER1	1	0	1	0	0.8099190080991902	2.1524663677130045	2.1524663677130045
PER2	RORB	1	0	0	1	0.8099190080991902	0.23344850126062192	0.23344850126062192
PER3	CLOCK	1	0	1	0	0.8099190080991902	1.5041500868304822	1.5041500868304822
CRY1	CLOCK	1	0	1	0	0.9863013698630138	1.9947471657967355	1.9947471657967355
TIMELESS	CRY1	1	0	1	0	0.993900609939006	2.3416461772626156	2.3416461772626156
ARNTL	CLOCK	1	0	1	0	1.0	1.2815036309269543	1.2815036309269543
ARNTL	CSNK1D	1	0	0	1	1.0	0.8581481163648845	0.8581481163648845
ARNTL	CSNK1E	1	0	1	0	1.0	2.5523226135783563	2.5523226135783563
ARNTL	NR1D1	1	0	0	1	1.0	0.0	0.0
ARNTL	NR1D2	1	0	1	0	1.0	1.1860989206499823	1.1860989206499823
ARNTL	PER1	1	0	0	1	1.0	0.46580957704490406	0.46580957704490406
ARNTL	PER2	1	0	0	1	1.0	0.33342224593224856	0.33342224593224856
ARNTL	PER3	1	0	0	1	1.0	0.8217827206486605	0.8217827206486605
ARNTL	RORA	1	0	0	1	1.0	0.6710058377507885	0.6710058377507885
ARNTL	RORB	1	0	1	0	1.0	1.1976047904191618	1.1976047904191618
ARNTL	RORC	1	0	1	0	1.0	1.4777597162701346	1.4777597162701346
CLOCK	NR1D1	1	0	1	0	1.0	1.212268153715602	1.212268153715602
CLOCK	NR1D2	1	0	1	0	1.0	1.8014772113132769	1.8014772113132769
CRY1	ARNTL	1	0	0	1	1.0	0.0	0.0
CRY1	CRY2	1	0	0	1	1.0	0.5170898185014737	0.5170898185014737
CRY1	CSNK1D	1	0	0	1	1.0	0.6572893387669252	0.6572893387669252
CRY1	CSNK1E	1	0	1	0	1.0	1.3326226012793179	1.3326226012793179
CRY1	NR1D1	1	0	1	0	1.0	1.8688095683049897	1.8688095683049897
CRY1	NR1D2	1	0	0	1	1.0	0.9353661958656815	0.9353661958656815
CRY1	PER1	1	0	1	0	1.0	1.081938834391229	1.081938834391229
CRY1	PER2	1	0	1	0	1.0	1.549426712116517	1.549426712116517
CRY1	RORA	1	0	0	1	1.0	0.5172235440157236	0.5172235440157236
CRY1	RORB	1	0	0	1	1.0	0.4679457182966776	0.4679457182966776
CRY1	RORC	1	0	0	1	1.0	0.5899705014749262	0.5899705014749262
CRY2	ARNTL	1	0	0	1	1.0	0.6639665360865813	0.6639665360865813
CRY2	CLOCK	1	0	1	0	1.0	1.3392707670673318	1.3392707670673318
CRY2	CSNK1D	1	0	1	0	1.0	1.3128528291978467	1.3128528291978467
CRY2	CSNK1E	1	0	1	0	1.0	1.3323562720671507	1.3323562720671507
CRY2	NR1D1	1	0	0	1	1.0	0.0	0.0
CRY2	NR1D2	1	0	0	1	1.0	0.9384384384384383	0.9384384384384383
CRY2	PER2	1	0	0	1	1.0	0.7791600654494455	0.7791600654494455
CRY2	PER3	1	0	1	0	1.0	1.481544192346766	1.481544192346766
CRY2	RORA	1	0	1	0	1.0	1.0298130889243602	1.0298130889243602
CRY2	RORB	1	0	1	0	1.0	1.8577001671930151	1.8577001671930151
CRY2	RORC	1	0	1	0	1.0	1.1570056693277797	1.1570056693277797
CSNK1D	CLOCK	1	0	0	1	1.0	0.855395406526667	0.855395406526667
CSNK1D	CSNK1E	1	0	1	0	1.0	1.7024174327545114	1.7024174327545114
CSNK1D	NR1D1	1	0	1	0	1.0	2.359882005899705	2.359882005899705
CSNK1D	NR1D2	1	0	1	0	1.0	1.2094823415578133	1.2094823415578133
CSNK1D	PER1	1	0	0	1	1.0	0.9262689885142646	0.9262689885142646
CSNK1D	PER2	1	0	0	1	1.0	0.3359763472651525	0.3359763472651525
CSNK1D	PER3	1	0	1	0	1.0	1.0949005009169792	1.0949005009169792
CSNK1D	RORA	1	0	0	1	1.0	0.6639665360865813	0.6639665360865813
CSNK1D	RORB	1	0	1	0	1.0	1.782637114504724	1.782637114504724
CSNK1D	RORC	1	0	0	1	1.0	0.7472724555372888	0.7472724555372888
CSNK1E	CLOCK	1	0	0	1	1.0	0.8613264427217915	0.8613264427217915
CSNK1E	NR1D1	1	0	0	1	1.0	0.0	0.0
CSNK1E	NR1D2	1	0	0	1	1.0	0.0	0.0
CSNK1E	PER1	1	0	1	0	1.0	1.3874757191749145	1.3874757191749145
CSNK1E	PER2	1	0	0	1	1.0	0.9981036031540074	0.9981036031540074
CSNK1E	PER3	1	0	1	0	1.0	1.3613591810063166	1.3613591810063166
CSNK1E	RORA	1	0	1	0	1.0	2.0058839261834716	2.0058839261834716
CSNK1E	RORB	1	0	0	1	1.0	0.5991970759182695	0.5991970759182695
CSNK1E	RORC	1	0	0	1	1.0	0.758322590429969	0.758322590429969
NPAS2	ARNTL	1	0	1	0	1.0	1.4982395685070042	1.4982395685070042
NPAS2	CLOCK	1	0	1	0	1.0	1.1330588812931979	1.1330588812931979
NPAS2	CRY1	1	0	0	1	1.0	0.5835667600373483	0.5835667600373483
NPAS2	CRY2	1	0	0	1	1.0	0.8787346221441125	0.8787346221441125
NPAS2	CSNK1D	1	0	1	0	1.0	1.4971740839166074	1.4971740839166074
NPAS2	CSNK1E	1	0	1	0	1.0	1.4923702570607769	1.4923702570607769
NPAS2	NR1D1	1	0	1	0	1.0	1.5727391874180865	1.5727391874180865
NPAS2	NR1D2	1	0	1	0	1.0	1.0404744563520967	1.0404744563520967
NPAS2	PER1	1	0	1	0	1.0	1.4129140342732576	1.4129140342732576
NPAS2	PER2	1	0	1	0	1.0	1.0223306217230652	1.0223306217230652
NPAS2	PER3	1	0	1	0	1.0	1.1925205113527952	1.1925205113527952
NPAS2	RORA	1	0	1	0	1.0	1.168770453482936	1.168770453482936
NPAS2	RORB	1	0	1	0	1.0	1.3101008777675882	1.3101008777675882
NPAS2	RORC	1	0	0	1	1.0	0.9856748587199369	0.9856748587199369
NR1D1	NR1D2	1	0	1	0	1.0	3.391555027980329	3.391555027980329
PER1	CLOCK	1	0	1	0	1.0	1.6200328635238028	1.6200328635238028
PER1	NR1D1	1	0	1	0	1.0	1.2983640612827838	1.2983640612827838
PER1	NR1D2	1	0	1	0	1.0	1.3049719431032234	1.3049719431032234
PER1	PER2	1	0	1	0	1.0	1.0755965078966712	1.0755965078966712
PER1	PER3	1	0	1	0	1.0	1.0317939949589494	1.0317939949589494
PER1	RORA	1	0	1	0	1.0	1.7942369110417338	1.7942369110417338
PER1	RORB	1	0	1	0	1.0	1.6172332373774947	1.6172332373774947
PER1	RORC	1	0	0	1	1.0	0.8105041335710812	0.8105041335710812
PER2	CLOCK	1	0	0	1	1.0	0.8338336335134413	0.8338336335134413
PER2	NR1D1	1	0	1	0	1.0	1.8817330761631461	1.8817330761631461
PER2	NR1D2	1	0	0	1	1.0	0.9349726520499275	0.9349726520499275
PER2	PER3	1	0	0	1	1.0	0.9566631589017507	0.9566631589017507
PER2	RORA	1	0	1	0	1.0	1.547029702970297	1.547029702970297
PER2	RORC	1	0	1	0	1.0	1.1665208515602217	1.1665208515602217
PER3	NR1D1	1	0	0	1	1.0	0.3808363165511463	0.3808363165511463
PER3	NR1D2	1	0	0	1	1.0	0.3809233582203261	0.3809233582203261
PER3	RORA	1	0	0	1	1.0	0.8501774745478118	0.8501774745478118
PER3	RORB	1	0	1	0	1.0	1.5319507477834586	1.5319507477834586
PER3	RORC	1	0	1	0	1.0	1.1909866133104665	1.1909866133104665
RORA	CLOCK	1	0	0	1	1.0	0.6629321488945606	0.6629321488945606
RORA	NR1D1	1	0	0	1	1.0	0.0	0.0
RORA	NR1D2	1	0	0	1	1.0	0.0	0.0
RORA	RORB	1	0	0	1	1.0	0.9314889851427507	0.9314889851427507
RORA	RORC	1	0	1	0	1.0	1.756337450968913	1.756337450968913
RORB	CLOCK	1	0	1	0	1.0	1.4899576852017402	1.4899576852017402
RORB	NR1D1	1	0	0	1	1.0	0.0	0.0
RORB	NR1D2	1	0	0	1	1.0	0.830702774547267	0.830702774547267
RORB	RORC	1	0	0	1	1.0	0.5277601857715853	0.5277601857715853
RORC	CLOCK	1	0	1	0	1.0	1.127141568981064	1.127141568981064
RORC	NR1D1	1	0	1	0	1.0	1.0595465140919686	1.0595465140919686
RORC	NR1D2	1	0	0	1	1.0	0.0	0.0
TIMELESS	ARNTL	1	0	1	0	1.0	1.4909795735798421	1.4909795735798421
TIMELESS	CLOCK	1	0	1	0	1.0	1.8705574261129816	1.8705574261129816
TIMELESS	CRY2	1	0	0	1	1.0	0.5850690381465012	0.5850690381465012
TIMELESS	CSNK1D	1	0	0	1	1.0	0.7546030787805614	0.7546030787805614
TIMELESS	CSNK1E	1	0	1	0	1.0	2.2653477308766896	2.2653477308766896
TIMELESS	NPAS2	1	0	1	0	1.0	1.3084295574237021	1.3084295574237021
TIMELESS	NR1D1	1	0	1	0	1.0	1.0329511414110113	1.0329511414110113
TIMELESS	NR1D2	1	0	1	0	1.0	2.0863759649488838	2.0863759649488838
TIMELESS	PER1	1	0	0	1	1.0	0.8097165991902834	0.8097165991902834
TIMELESS	PER2	1	0	1	0	1.0	1.1702750146284375	1.1702750146284375
TIMELESS	PER3	1	0	1	0	1.0	1.4232511801124368	1.4232511801124368
TIMELESS	RORA	1	0	1	0	1.0	1.1676786548341895	1.1676786548341895
TIMELESS	RORB	1	0	0	1	1.0	0.5222750300308142	0.5222750300308142
TIMELESS	RORC	1	0	1	0	1.0	1.3193482419684675	1.3193482419684675
