Cancer_Type	N	CLOCK16_Mutated	CLOCK16_Wild_Type	OR_per_log1p_non_CLOCK16_mutation	CI95_Low	CI95_High	Beta	SE	P	Direction	Iterations	Median_non_CLOCK16_mutations	FDR
breast invasive carcinoma	1101	58	1043	3.647250895763403	2.7057545099709266	4.916351076058958	1.2939737045695094	0.15234331610605367	0.0	Positive	10	39.0	0.0
colon adenocarcinoma	461	76	385	3.7675244479725096	2.7906194238164774	5.086412122315979	1.326418140673971	0.15314007845801306	0.0	Positive	9	131.0	0.0
stomach adenocarcinoma	478	105	373	4.016364467954112	3.074876011593814	5.246124877433016	1.390377132244173	0.13628191491404526	0.0	Positive	8	150.5	0.0
uterine corpus endometrioid carcinoma	547	154	393	4.084462146666291	3.20928244018596	5.198305645726566	1.4071900542005424	0.12303198006634523	0.0	Positive	9	92.0	0.0
bladder urothelial carcinoma	412	116	296	4.573877363996583	3.165342472866772	6.609191365613365	1.5203612836968996	0.18780613657021222	6.661338147750939e-16	Positive	7	245.0	4.263256414560601e-15
lung adenocarcinoma	520	90	430	3.2450615060791907	2.381928193515131	4.420966260404631	1.1771343040840354	0.15776733625762923	8.570921750106208e-14	Positive	8	257.5	4.571158266723311e-13
cervical & endocervical cancer	308	62	246	4.6920746685334525	3.0263585972992	7.274605433321935	1.5458748446742898	0.22373200558313752	4.863887070882811e-12	Positive	8	145.5	2.2234912324035706e-11
head & neck squamous cell carcinoma	528	72	456	2.501586261133121	1.788123569512259	3.499721120278585	0.9169250351145619	0.17130522973764717	8.670869977578377e-08	Positive	8	142.5	3.468347991031351e-07
lung squamous cell carcinoma	506	107	399	2.2500226892375896	1.5560243065105668	3.253549498488875	0.8109403002710799	0.18816645586027506	1.6347880793299296e-05	Positive	10	303.0	5.812579837617527e-05
prostate adenocarcinoma	498	23	475	4.629213081454102	2.25081948517977	9.520805153236989	1.5323868928441184	0.3679043506646686	3.111105333108988e-05	Positive	9	37.0	9.95553706594876e-05
skin cutaneous melanoma	104	33	71	2.7354356155137793	1.6782944573043785	4.458459583212572	1.0062906976020105	0.24924113461272115	5.4042675374565974e-05	Positive	7	394.0	0.00015288603636124756
glioblastoma multiforme	594	22	572	2.33297152607965	1.5441450217091302	3.5247700604403867	0.8471427881125415	0.2105471504812804	5.733226363546784e-05	Positive	11	34.0	0.00015288603636124756
sarcoma	261	19	242	3.030151110715477	1.759916295740378	5.21718889471817	1.1086124898009944	0.2772174699593531	6.359146225110024e-05	Positive	10	63.0	0.00015653283015655445
kidney clear cell carcinoma	536	26	510	7.245161246643622	2.569455317551273	20.429373155977878	1.980333831790489	0.5288979051232361	0.00018092273533998338	Positive	13	56.0	0.00041353768077710484
esophageal carcinoma	185	31	154	4.374799627310993	2.007656192499128	9.532942866724783	1.4758607192889768	0.3973942607112526	0.00020413378789352343	Positive	8	180.0	0.00043548541417285
adrenocortical cancer	92	7	85	5.112239044665318	2.068094071422178	12.63723367855708	1.6316374774579512	0.46173981263473185	0.00040982788670396175	Positive	10	39.5	0.0008196557734079235
liver hepatocellular carcinoma	377	53	324	2.0960696527026093	1.3157142873112184	3.339256882251669	0.7400639971578947	0.23759402792461956	0.0018405360056998887	Positive	10	124.0	0.0034645383636703786
brain lower grade glioma	516	13	503	4.9204799205017595	1.7654675609366641	13.713717081958647	1.5934060705644613	0.5229543409258207	0.002311903648116287	Positive	10	38.0	0.00411005092998451
rectum adenocarcinoma	167	9	158	5.426817542291199	1.6043676883010385	18.356358615341	1.691352874153312	0.6217465096279464	0.006521768688511065	Positive	14	97.0	0.010984031475387056
ovarian serous cystadenocarcinoma	592	5	587	13.117842499510944	1.5208464740882335	113.14606357301005	2.5739733263587694	1.0993399263567476	0.019212563186060017	Positive	26	0.0	0.030740101097696027
thymoma	124	5	119	2.856495167358446	1.0827941607751965	7.535656301748564	1.049595407375749	0.494923735377968	0.03394524596563753	Positive	16	24.0	0.05172608909049528
pancreatic adenocarcinoma	185	7	178	1.9376326576406382	1.035811626388012	3.624616890088013	0.6614669483611912	0.31953145350376516	0.03844154913764375	Positive	25	50.0	0.05273642439771553
uveal melanoma	80	2	78	4.800974825370599	1.0845439241555201	21.252582546889126	1.5688189859130182	0.7590099151486484	0.03874092150739816	Positive	58	16.0	0.05273642439771553
kidney papillary cell carcinoma	291	38	253	1.9944919557015006	1.0335521610075038	3.848860571758909	0.6903893591145293	0.33540193367062693	0.03955231829828665	Positive	14	86.0	0.05273642439771553
uterine carcinosarcoma	57	5	52	2.4017920868100253	1.001201303077233	5.761683699904517	0.8762151615475475	0.44643600992729476	0.049682291937852785	Positive	15	65.0	0.06135238606471968
kidney chromophobe	66	3	63	4.107646057540954	0.997840089830459	16.909278656962517	1.4128501290410826	0.7219450893779884	0.050346883859826	Positive	12	30.0	0.06135238606471968
cholangiocarcinoma	36	1	35	5.941327098522759	0.9864189481075595	35.7853706676687	1.781932525680358	0.9161258385928945	0.05176607574210723	Positive	166	61.5	0.06135238606471968
mesothelioma	87	3	84	2.734312868588685	0.5265769635262452	14.198241437041228	1.0058801679609763	0.8404275237322667	0.23135830615430275	Positive	29	40.0	0.2644094927477746
pheochromocytoma & paraganglioma	179	5	174	2.6453069241078104	0.4247681343598125	16.4740434997065	0.9727870979384476	0.9331627158590662	0.2971973225262654	Positive	14	13.0	0.3279418731324308
diffuse large B-cell lymphoma	48	3	45	1.4062397572931085	0.6371710825174487	3.1035781585986006	0.3409193032413884	0.40389611598503217	0.3986265433638163	Positive	14	141.5	0.4252016462547374
testicular germ cell tumor	150	6	144	1.5177466734960197	0.4043062708749219	5.697549434302176	0.4172267832922009	0.6749027424989444	0.5364416468563826	Positive	23	21.0	0.5537462161098143
thyroid carcinoma	507	6	501	1.1482955910105248	0.3794212254741692	3.475247761077033	0.13827874821284328	0.5649933808234612	0.8066546455323378	Positive	21	13.0	0.8066546455323378
