Cancer_Type	N	CLOCK16_Mutated	CLOCK16_Wild_Type	Full_Converged	Null_Converged	Full_PLL	Null_PLL	LR_Statistic	LR_Valid	Full_Message	Null_Message
adrenocortical cancer	92	7	85	True	True	-11.198636277245065	-23.810935776826184	25.22459899916224	True	CONVERGENCE: RELATIVE REDUCTION OF F <= FACTR*EPSMCH	Optimization terminated successfully.
bladder urothelial carcinoma	412	116	296	True	True	-192.6902379907459	-242.68701064619964	99.99354531090745	True	CONVERGENCE: RELATIVE REDUCTION OF F <= FACTR*EPSMCH	CONVERGENCE: RELATIVE REDUCTION OF F <= FACTR*EPSMCH
brain lower grade glioma	516	13	503	True	True	-49.830416497405224	-59.41140291237328	19.16197282993612	True	CONVERGENCE: RELATIVE REDUCTION OF F <= FACTR*EPSMCH	CONVERGENCE: RELATIVE REDUCTION OF F <= FACTR*EPSMCH
breast invasive carcinoma	1101	58	1043	True	True	-159.73915685107	-225.1645698514519	130.8508260007638	True	Optimization terminated successfully.	Optimization terminated successfully.
cervical & endocervical cancer	308	62	246	True	True	-108.94956016956314	-152.7247634799221	87.55040662071792	True	CONVERGENCE: RELATIVE REDUCTION OF F <= FACTR*EPSMCH	Optimization terminated successfully.
cholangiocarcinoma	36	1	35	True	True	-0.9014324435493372	-4.485594907786684	7.168324928474694	True	CONVERGENCE: RELATIVE REDUCTION OF F <= FACTR*EPSMCH	Optimization terminated successfully.
colon adenocarcinoma	461	76	385	True	True	-106.58328937326174	-204.2859090816966	195.4052394168697	True	CONVERGENCE: RELATIVE REDUCTION OF F <= FACTR*EPSMCH	Optimization terminated successfully.
diffuse large B-cell lymphoma	48	3	45	True	True	-8.734882631339078	-10.673012879623293	3.876260496568431	True	CONVERGENCE: RELATIVE REDUCTION OF F <= FACTR*EPSMCH	Optimization terminated successfully.
esophageal carcinoma	185	31	154	True	True	-71.10212062007588	-81.99410782003902	21.78397439992628	True	CONVERGENCE: RELATIVE REDUCTION OF F <= FACTR*EPSMCH	CONVERGENCE: NORM OF PROJECTED GRADIENT <= PGTOL
glioblastoma multiforme	594	22	572	True	True	-71.91633108913591	-92.56421114974762	41.295760121223424	True	CONVERGENCE: RELATIVE REDUCTION OF F <= FACTR*EPSMCH	Optimization terminated successfully.
head & neck squamous cell carcinoma	528	72	456	True	True	-187.96798273296483	-208.24006501022353	40.54416455451741	True	CONVERGENCE: RELATIVE REDUCTION OF F <= FACTR*EPSMCH	Optimization terminated successfully.
kidney chromophobe	66	3	63	True	True	-7.667022032794215	-11.643873712353559	7.953703359118688	True	CONVERGENCE: RELATIVE REDUCTION OF F <= FACTR*EPSMCH	CONVERGENCE: RELATIVE REDUCTION OF F <= FACTR*EPSMCH
kidney clear cell carcinoma	536	26	510	True	True	-81.87027608594552	-102.42765374902373	41.11475532615643	True	CONVERGENCE: RELATIVE REDUCTION OF F <= FACTR*EPSMCH	Optimization terminated successfully.
kidney papillary cell carcinoma	291	38	253	True	True	-106.50358411274995	-111.0103772003747	9.013586175249515	True	CONVERGENCE: RELATIVE REDUCTION OF F <= FACTR*EPSMCH	Optimization terminated successfully.
liver hepatocellular carcinoma	377	53	324	True	True	-143.03826719175052	-151.15925838784125	16.241982392181455	True	CONVERGENCE: RELATIVE REDUCTION OF F <= FACTR*EPSMCH	Optimization terminated successfully.
lung adenocarcinoma	520	90	430	True	True	-195.3457692486299	-237.42487293368558	84.15820737011137	True	CONVERGENCE: RELATIVE REDUCTION OF F <= FACTR*EPSMCH	CONVERGENCE: RELATIVE REDUCTION OF F <= FACTR*EPSMCH
lung squamous cell carcinoma	506	107	399	True	True	-240.96069759162873	-258.8211451725688	35.720895161880094	True	Optimization terminated successfully.	Optimization terminated successfully.
mesothelioma	87	3	84	True	True	-11.60640499771003	-12.482510569831916	1.7522111442437733	True	CONVERGENCE: RELATIVE REDUCTION OF F <= FACTR*EPSMCH	Optimization terminated successfully.
ovarian serous cystadenocarcinoma	592	5	587	True	True	-13.096288738786468	-28.025116244219745	29.857655010866555	True	CONVERGENCE: RELATIVE REDUCTION OF F <= FACTR*EPSMCH	CONVERGENCE: RELATIVE REDUCTION OF F <= FACTR*EPSMCH
pancreatic adenocarcinoma	185	7	178	True	True	-24.615071148568187	-28.817865425635517	8.40558855413466	True	CONVERGENCE: RELATIVE REDUCTION OF F <= FACTR*EPSMCH	CONVERGENCE: RELATIVE REDUCTION OF F <= FACTR*EPSMCH
pheochromocytoma & paraganglioma	179	5	174	True	False	-21.379555947134833	-22.006558332450073	1.2540047706304804	True	CONVERGENCE: RELATIVE REDUCTION OF F <= FACTR*EPSMCH	ABNORMAL: 
prostate adenocarcinoma	498	23	475	True	True	-76.53344604603949	-91.63917946016501	30.211466828251048	True	CONVERGENCE: RELATIVE REDUCTION OF F <= FACTR*EPSMCH	Optimization terminated successfully.
rectum adenocarcinoma	167	9	158	True	True	-18.03463047743095	-33.957576505418565	31.845892055975227	True	CONVERGENCE: RELATIVE REDUCTION OF F <= FACTR*EPSMCH	Optimization terminated successfully.
sarcoma	261	19	242	True	True	-54.370629909133214	-66.63300293630584	24.524746054345258	True	CONVERGENCE: RELATIVE REDUCTION OF F <= FACTR*EPSMCH	Optimization terminated successfully.
skin cutaneous melanoma	104	33	71	True	True	-48.942581568395546	-63.42350146236149	28.961839787931893	True	CONVERGENCE: RELATIVE REDUCTION OF F <= FACTR*EPSMCH	CONVERGENCE: RELATIVE REDUCTION OF F <= FACTR*EPSMCH
stomach adenocarcinoma	478	105	373	True	True	-156.17856849995317	-249.45590055290327	186.5546641059002	True	CONVERGENCE: RELATIVE REDUCTION OF F <= FACTR*EPSMCH	Optimization terminated successfully.
testicular germ cell tumor	150	6	144	True	True	-23.536179314897307	-24.298334720001563	1.5243108102085117	True	CONVERGENCE: RELATIVE REDUCTION OF F <= FACTR*EPSMCH	CONVERGENCE: RELATIVE REDUCTION OF F <= FACTR*EPSMCH
thymoma	124	5	119	True	True	-16.684375832560765	-20.14665549281314	6.924559320504748	True	CONVERGENCE: RELATIVE REDUCTION OF F <= FACTR*EPSMCH	Optimization terminated successfully.
thyroid carcinoma	507	6	501	True	True	-31.052683512215864	-31.675396605334118	1.2454261862365072	True	CONVERGENCE: RELATIVE REDUCTION OF F <= FACTR*EPSMCH	CONVERGENCE: RELATIVE REDUCTION OF F <= FACTR*EPSMCH
uterine carcinosarcoma	57	5	52	True	True	-12.743961368519603	-16.165363065568915	6.842803394098624	True	CONVERGENCE: RELATIVE REDUCTION OF F <= FACTR*EPSMCH	CONVERGENCE: NORM OF PROJECTED GRADIENT <= PGTOL
uterine corpus endometrioid carcinoma	547	154	393	True	True	-141.91114383632248	-322.7822447601566	361.7422018476682	True	CONVERGENCE: RELATIVE REDUCTION OF F <= FACTR*EPSMCH	Optimization terminated successfully.
uveal melanoma	80	2	78	True	True	-4.543774475847974	-8.965399333469247	8.843249715242544	True	CONVERGENCE: RELATIVE REDUCTION OF F <= FACTR*EPSMCH	Optimization terminated successfully.
