Cancer_Type	Gene	Cancer_Patients	Gene_Mutated_Cancer_Patients	Cancer_Prevalence_Percent	Other_Prevalence_Percent	Odds_Ratio	Fisher_P	Direction	FDR
uterine corpus endometrioid carcinoma	PER2	547	54	9.872029250457038	1.2741389607804101	8.487132352941176	4.252024603389935e-27	Enriched	2.177036596935647e-24
uterine corpus endometrioid carcinoma	NPAS2	547	45	8.226691042047532	1.1347800119450528	7.80981337806668	8.558016411006224e-22	Enriched	2.1908522012175934e-19
uterine corpus endometrioid carcinoma	ARNTL	547	36	6.581352833638026	0.6669321122834959	10.492858603265473	4.348757461004034e-21	Enriched	7.421879400113552e-19
uterine corpus endometrioid carcinoma	CLOCK	547	39	7.1297989031078615	0.885924746167629	8.588936565513581	2.6888771634418552e-20	Enriched	3.4417627692055746e-18
uterine corpus endometrioid carcinoma	PER1	547	44	8.043875685557587	1.2442763288871193	6.942727634194831	9.2419298206173e-20	Enriched	9.463736136312115e-18
uterine corpus endometrioid carcinoma	RORA	547	35	6.39853747714808	0.7465657973322716	9.088151041666666	5.147750561312333e-19	Enriched	4.3927471456531907e-17
uterine corpus endometrioid carcinoma	PER3	547	43	7.861060329067642	1.2840931714115071	6.5588624338624335	1.3178279700847e-18	Enriched	9.638970295476663e-17
uterine corpus endometrioid carcinoma	RORC	547	36	6.581352833638026	0.8759705355365319	7.972069026863547	4.702659945994903e-18	Enriched	3.009702365436738e-16
uterine corpus endometrioid carcinoma	CRY2	547	28	5.118829981718465	0.6271152697591081	8.54891886105759	4.923442713445943e-15	Enriched	2.8008918547603586e-13
uterine corpus endometrioid carcinoma	CSNK1D	547	26	4.753199268738574	0.5972526378658173	8.305694177863083	7.56310080290481e-14	Enriched	3.872307611087263e-12
uterine corpus endometrioid carcinoma	TIMELESS	547	39	7.1297989031078615	1.5429026478200278	4.899022098044196	1.3092295080954022e-13	Enriched	6.093868255862236e-12
uterine corpus endometrioid carcinoma	CRY1	547	27	4.936014625228519	0.6967947441767868	7.39978021978022	2.3430594179614474e-13	Enriched	9.997053516635508e-12
uterine corpus endometrioid carcinoma	NR1D1	547	24	4.387568555758683	0.5375273740792356	8.49118334395581	4.535658407264078e-13	Enriched	1.786351618860929e-11
uterine corpus endometrioid carcinoma	RORB	547	32	5.850091407678245	1.0750547481584711	5.717655519597267	5.539115729961362e-13	Enriched	2.0257337526715838e-11
uterine corpus endometrioid carcinoma	CSNK1E	547	27	4.936014625228519	0.7465657973322716	6.903	8.864152841897808e-13	Enriched	3.0256308367011186e-11
uterine corpus endometrioid carcinoma	NR1D2	547	20	3.656307129798903	0.6370694803902051	5.919117647058823	6.238307691864535e-09	Enriched	1.9962584613966513e-07
skin cutaneous melanoma	RORB	104	9	8.653846153846153	1.2489274478024597	7.490719164323021	9.01549517065671e-06	Enriched	0.0002715255016103668
stomach adenocarcinoma	RORA	478	16	3.3472803347280333	0.9293129016312407	3.691995947315096	3.178840283080002e-05	Enriched	0.0008716677134803646
colon adenocarcinoma	CSNK1E	461	15	3.2537960954446854	0.8586656138965654	3.8831761249420134	3.234704405493541e-05	Enriched	0.0008716677134803646
stomach adenocarcinoma	NR1D1	478	13	2.719665271966527	0.6426099851705388	4.32258064516129	4.09475351362967e-05	Enriched	0.0010482568994891954
ovarian serous cystadenocarcinoma	PER2	592	0	0.0	1.8198180181981802	0.0	5.2500264333048914e-05	Depleted	0.0012800064446914783
stomach adenocarcinoma	ARNTL	478	15	3.1380753138075312	0.8699950568462679	3.6914637738071865	5.51079127602189e-05	Enriched	0.0012825114242378218
stomach adenocarcinoma	TIMELESS	478	22	4.602510460251046	1.7004448838358872	2.788989188086495	6.203787080224077e-05	Enriched	0.0013810169500324903
bladder urothelial carcinoma	TIMELESS	412	20	4.854368932038835	1.709065907081819	2.934259910860896	6.575861509342769e-05	Enriched	0.0014028504553264575
bladder urothelial carcinoma	NR1D2	412	12	2.912621359223301	0.7071996856890286	4.212083333333333	9.112239339891387e-05	Enriched	0.0018463695434242171
stomach adenocarcinoma	PER3	478	20	4.184100418410042	1.5027187345526445	2.862273040680303	9.376095337701103e-05	Enriched	0.0018463695434242171
colon adenocarcinoma	PER1	461	19	4.1214750542299345	1.4804579549940782	2.860603318250377	0.00013648287813046287	Enriched	0.002588119763066555
ovarian serous cystadenocarcinoma	NPAS2	592	0	0.0	1.5898410158984102	0.0	0.00017116107473587227	Depleted	0.00312980250945595
skin cutaneous melanoma	RORC	104	7	6.730769230769231	1.1154542854418914	6.39739184069081	0.00021099205502160187	Enriched	0.003725101109346902
thyroid carcinoma	PER2	507	0	0.0	1.8044814594487408	0.0	0.00028431154541063287	Depleted	0.004852250375008135
stomach adenocarcinoma	NR1D2	478	12	2.510460251046025	0.7118141374196737	3.5919170243204577	0.00036303883823020073	Enriched	0.005868120983485583
ovarian serous cystadenocarcinoma	TIMELESS	592	1	0.16891891891891891	1.9298070192980703	0.08598756827367332	0.00036675756146784894	Depleted	0.005868120983485583
thyroid carcinoma	PER1	507	0	0.0	1.6755899266309737	0.0	0.00039783891644035375	Depleted	0.006164921577557671
thyroid carcinoma	PER3	507	0	0.0	1.7053341265119968	0.0	0.0004093893235096891	Depleted	0.006164921577557671
ovarian serous cystadenocarcinoma	RORB	592	0	0.0	1.3998600139986002	0.0	0.0005843114687945506	Depleted	0.008478508476330436
breast invasive carcinoma	CRY1	1101	1	0.09082652134423251	1.011378002528445	0.08897727272727272	0.0005961451272419838	Depleted	0.008478508476330436
kidney clear cell carcinoma	TIMELESS	536	1	0.1865671641791045	1.9190613503032714	0.09553048278533727	0.0007633631224382262	Depleted	0.010138457016922864
stomach adenocarcinoma	PER2	478	19	3.9748953974895396	1.6114681166584282	2.527340043038347	0.0007673560613718823	Enriched	0.010138457016922864
breast invasive carcinoma	TIMELESS	1101	7	0.6357856494096276	1.9700800674252001	0.3183871188495342	0.0007722652805859213	Depleted	0.010138457016922864
breast invasive carcinoma	RORA	1101	2	0.18165304268846502	1.1378002528445006	0.1581235466585785	0.0008364661657332018	Depleted	0.010706766921384983
ovarian serous cystadenocarcinoma	PER1	592	1	0.16891891891891891	1.67983201679832	0.09903513012650068	0.0010906182167392648	Depleted	0.013619427487085453
colon adenocarcinoma	RORB	461	15	3.2537960954446854	1.2337149624950652	2.6924663677130045	0.0011175485703654097	Enriched	0.013623449238740233
colon adenocarcinoma	CSNK1D	461	11	2.386117136659436	0.7402289774970391	3.277837037037037	0.0012043732801898092	Enriched	0.014137038767586298
breast invasive carcinoma	RORB	1101	4	0.36330608537693004	1.4327855035819637	0.2508445493055928	0.0012149017690894475	Depleted	0.014137038767586298
ovarian serous cystadenocarcinoma	CLOCK	592	0	0.0	1.2798720127987202	0.0	0.0013550668265036158	Depleted	0.015417649225996696
breast invasive carcinoma	PER3	1101	6	0.5449591280653951	1.748841129372103	0.3078395774880343	0.001425862412957498	Depleted	0.0158704685963965
stomach adenocarcinoma	RORB	478	15	3.1380753138075312	1.2357884330202669	2.5892008639308854	0.0016015346150940535	Enriched	0.017446504743152243
thyroid carcinoma	TIMELESS	507	1	0.19723865877712032	1.9135435256791593	0.10130250465911651	0.0017293446689108471	Depleted	0.018306235987288505
breast invasive carcinoma	ARNTL	1101	2	0.18165304268846502	1.0640539401601348	0.16920873161019467	0.0017519639909709703	Depleted	0.018306235987288505
stomach adenocarcinoma	CSNK1E	478	12	2.510460251046025	0.8897676717745922	2.8683834048640917	0.002086037355912369	Enriched	0.021361022524542656
colon adenocarcinoma	TIMELESS	461	18	3.9045553145336225	1.7370706671930518	2.298481428278268	0.002153934307574671	Enriched	0.021623811087808465
brain lower grade glioma	PER2	516	1	0.1937984496124031	1.796169494889352	0.10616317116343936	0.002483737624168745	Depleted	0.024455262761046107
ovarian serous cystadenocarcinoma	RORA	592	0	0.0	1.0998900109989	0.0	0.00287435563933254	Depleted	0.027767360138457743
thyroid carcinoma	CLOCK	507	0	0.0	1.2690858615903233	0.0	0.0029619061590478997	Depleted	0.028083258396898604
brain lower grade glioma	PER3	516	1	0.1937984496124031	1.6969336111938076	0.11248509623573497	0.0035146822606837336	Depleted	0.03271849668127403
breast invasive carcinoma	NPAS2	1101	6	0.5449591280653951	1.6118836915297092	0.3344614558152028	0.0036046603627175114	Depleted	0.03295689474484582
colon adenocarcinoma	PER3	461	16	3.470715835140998	1.5396762731938414	2.2992797464707575	0.0038200667158118343	Enriched	0.03431358172799402
glioblastoma multiforme	CSNK1E	594	0	0.0	1.02010201020102	0.0	0.0042993400466178975	Depleted	0.03673689274303263
ovarian serous cystadenocarcinoma	ARNTL	592	0	0.0	1.0298970102989702	0.0	0.004304100536972612	Depleted	0.03673689274303263
ovarian serous cystadenocarcinoma	CSNK1E	592	0	0.0	1.01989801019898	0.0	0.004305104618324136	Depleted	0.03673689274303263
prostate adenocarcinoma	RORC	498	0	0.0	1.2283308568598317	0.0	0.0044782832420532485	Depleted	0.03758821344149612
thyroid carcinoma	RORC	507	0	0.0	1.2294269284156256	0.0	0.004581124444125987	Depleted	0.03783122121600815
skin cutaneous melanoma	NPAS2	104	6	5.769230769230769	1.4586709886547813	4.136054421768708	0.004712806412605873	Enriched	0.03830090290879694
prostate adenocarcinoma	PER3	498	1	0.20080321285140562	1.6939078751857355	0.1167708002400367	0.005273306287942222	Depleted	0.04204300467585921
bladder urothelial carcinoma	NPAS2	412	14	3.3980582524271843	1.4242215892348493	2.4346560388147633	0.005337490827989939	Enriched	0.04204300467585921
ovarian serous cystadenocarcinoma	PER3	592	2	0.33783783783783783	1.6998300169983003	0.1960319042871386	0.006429636083872025	Depleted	0.04987838901427995
brain lower grade glioma	RORA	516	0	0.0	1.0915947206509875	0.0	0.006604866544696558	Depleted	0.05047301001320355
glioblastoma multiforme	TIMELESS	594	3	0.5050505050505051	1.9101910191019102	0.2606638849762139	0.0071373378580989	Depleted	0.05373995563745054
breast invasive carcinoma	CSNK1D	1101	2	0.18165304268846502	0.8849557522123894	0.20382165605095542	0.007478827925867003	Depleted	0.05549507098614356
brain lower grade glioma	NPAS2	516	1	0.1937984496124031	1.5679269623896002	0.1218999631313752	0.007742039802110676	Depleted	0.05662749112400951
ovarian serous cystadenocarcinoma	CRY2	592	0	0.0	0.9099090090990901	0.0	0.00978868503545741	Depleted	0.06952916540202628
thyroid carcinoma	ARNTL	507	0	0.0	1.0212175292484633	0.0	0.009908820671284289	Depleted	0.06952916540202628
brain lower grade glioma	ARNTL	516	0	0.0	1.0221296020641064	0.0	0.009913338035835778	Depleted	0.06952916540202628
kidney clear cell carcinoma	RORB	536	1	0.1865671641791045	1.382121905140698	0.1333691924964701	0.01043438756924441	Depleted	0.071425639382288
colon adenocarcinoma	NR1D2	461	9	1.9522776572668112	0.7402289774970391	2.67	0.010559164938944038	Enriched	0.071425639382288
thyroid carcinoma	RORA	507	0	0.0	1.090620662304184	0.0	0.01065728954626053	Depleted	0.071425639382288
breast invasive carcinoma	NR1D2	1101	2	0.18165304268846502	0.8638853771597135	0.20883730220377728	0.010789458085710588	Depleted	0.071425639382288
breast invasive carcinoma	PER1	1101	8	0.7266121707538601	1.696165191740413	0.4242014399936354	0.010881249749645439	Depleted	0.071425639382288
stomach adenocarcinoma	CRY1	478	10	2.092050209205021	0.8601087493821058	2.462913842224187	0.0119334658304294	Enriched	0.07734094310354243
lung squamous cell carcinoma	NPAS2	506	15	2.964426877470356	1.427580053534252	2.109428038017651	0.012610346530406543	Enriched	0.08070621779460188
kidney clear cell carcinoma	PER3	536	2	0.373134328358209	1.6903649199562494	0.21782330909892048	0.012815315285413124	Depleted	0.0810054497053274
colon adenocarcinoma	CLOCK	461	12	2.6030368763557483	1.1448874851954205	2.3076568619921667	0.013060152268935685	Enriched	0.08154631660603745
glioblastoma multiforme	PER2	594	3	0.5050505050505051	1.7901790179017902	0.27847885886056206	0.01380130793555907	Depleted	0.08513577907236439
ovarian serous cystadenocarcinoma	NR1D2	592	0	0.0	0.83991600839916	0.0	0.014672192055168357	Depleted	0.08744937986533466
kidney clear cell carcinoma	CRY2	536	0	0.0	0.9048423983295217	0.0	0.014733383439770731	Depleted	0.08744937986533466
prostate adenocarcinoma	CRY1	498	0	0.0	0.9608717186726102	0.0	0.014862581920349734	Depleted	0.08744937986533466
ovarian serous cystadenocarcinoma	CSNK1D	592	0	0.0	0.8599140085991401	0.0	0.015127170943979432	Depleted	0.08744937986533466
prostate adenocarcinoma	RORB	498	1	0.20080321285140562	1.3769192669638435	0.14411649754642966	0.015128298801923842	Depleted	0.08744937986533466
thyroid carcinoma	RORB	507	1	0.19723865877712032	1.3781479278207416	0.1414251997611397	0.015201161734403876	Depleted	0.08744937986533466
stomach adenocarcinoma	CLOCK	478	12	2.510460251046025	1.1468116658428078	2.2196980908687287	0.015432999335154806	Enriched	0.08757860216464995
ovarian serous cystadenocarcinoma	RORC	592	1	0.16891891891891891	1.2298770122987701	0.1358865365303399	0.015698369266292166	Depleted	0.08757860216464995
prostate adenocarcinoma	ARNTL	498	0	0.0	1.0203070827142149	0.0	0.015736780076460538	Depleted	0.08757860216464995
thyroid carcinoma	CSNK1E	507	0	0.0	1.011302795954789	0.0	0.01596551956288058	Depleted	0.08789619372252534
breast invasive carcinoma	RORC	1101	5	0.45413260672116257	1.2536873156342183	0.3593280377844568	0.016827308106334888	Depleted	0.09165512500471769
bladder urothelial carcinoma	CSNK1E	412	9	2.1844660194174756	0.9134662606816619	2.4224765868886577	0.017636657497489265	Enriched	0.09450562619846488
cervical & endocervical cancer	PER3	308	11	3.5714285714285716	1.5653864851725814	2.3289625028755463	0.017719804912212166	Enriched	0.09450562619846488
stomach adenocarcinoma	NPAS2	478	14	2.928870292887029	1.4335145823035096	2.07461355529132	0.01800007042675525	Enriched	0.09501068101545039
glioblastoma multiforme	PER3	594	3	0.5050505050505051	1.69016901690169	0.29525726128615626	0.018973430580864252	Depleted	0.09912649446329079
glioblastoma multiforme	RORA	594	1	0.16835016835016836	1.09010901090109	0.15300833887711374	0.021314213117799206	Depleted	0.11023108198296155
brain lower grade glioma	CLOCK	516	1	0.1937984496124031	1.2602957229334126	0.1521290421221619	0.021733261969519812	Depleted	0.11127430128394143
ovarian serous cystadenocarcinoma	NR1D1	592	0	0.0	0.77992200779922	0.0	0.022293070104905915	Depleted	0.11200737861324901
kidney clear cell carcinoma	CLOCK	536	1	0.1865671641791045	1.262802028437904	0.14614761939804252	0.02255021562997573	Depleted	0.11200737861324901
kidney clear cell carcinoma	CSNK1D	536	0	0.0	0.8551257830366908	0.0	0.022568030581490393	Depleted	0.11200737861324901
thyroid carcinoma	CRY2	507	0	0.0	0.9022407297243704	0.0	0.022751498780816205	Depleted	0.11200737861324901
brain lower grade glioma	CRY2	516	0	0.0	0.9030465416294532	0.0	0.023255146070388158	Depleted	0.11235348615336105
breast invasive carcinoma	CRY2	1101	3	0.2724795640326976	0.9270965023177412	0.2919771485345256	0.02326068268018803	Depleted	0.11235348615336105
prostate adenocarcinoma	PER1	498	2	0.40160642570281124	1.654284299157999	0.23971412014680316	0.02570351538241969	Depleted	0.12299252220372786
kidney clear cell carcinoma	NPAS2	536	2	0.373134328358209	1.5611017201948891	0.23616975595791884	0.026031065843517914	Depleted	0.12340653436927011
lung adenocarcinoma	RORB	520	13	2.5	1.2607961878288494	2.0080759135877244	0.026947839943926664	Enriched	0.12658067936963718
glioblastoma multiforme	ARNTL	594	1	0.16835016835016836	1.02010201020102	0.16362464041265748	0.03069587382153271	Depleted	0.14287533996931587
breast invasive carcinoma	CSNK1E	1101	4	0.36330608537693004	1.0324483775811208	0.34952467769240786	0.032127190747479335	Depleted	0.14740509363750715
brain lower grade glioma	RORC	516	1	0.1937984496124031	1.220601369455195	0.15713947430736444	0.03224486423320469	Depleted	0.14740509363750715
bladder urothelial carcinoma	CLOCK	412	10	2.4271844660194173	1.1590217071014635	2.1213846024116703	0.0334771021357517	Enriched	0.15148407822877544
kidney clear cell carcinoma	NR1D1	536	0	0.0	0.7755791985681615	0.0	0.03372887679312578	Depleted	0.15148407822877544
thyroid carcinoma	NR1D2	507	0	0.0	0.8328375966686496	0.0	0.0346390313905348	Depleted	0.1541027437239802
prostate adenocarcinoma	CSNK1D	498	0	0.0	0.8519068845963348	0.0	0.03497100127214496	Depleted	0.1541027437239802
sarcoma	NPAS2	261	0	0.0	1.5389082462253194	0.0	0.03521488479630016	Depleted	0.1541027437239802
head & neck squamous cell carcinoma	PER2	528	3	0.5681818181818182	1.7784401390958768	0.31559457302474064	0.036885950975655106	Depleted	0.16004751609775775
prostate adenocarcinoma	TIMELESS	498	3	0.6024096385542169	1.892025755324418	0.3142630493415834	0.037352558728276454	Depleted	0.16071016864602977
colon adenocarcinoma	CRY1	461	9	1.9522776572668112	0.8685353335965259	2.272626709573612	0.03817753731396726	Enriched	0.16289082587292697
cervical & endocervical cancer	CSNK1D	308	6	1.948051948051948	0.7778317938745746	2.5343543046357615	0.03894143681716158	Enriched	0.1647769888461713
ovarian serous cystadenocarcinoma	CRY1	592	1	0.16891891891891891	0.9599040095990401	0.17458051325437113	0.04418946196773471	Depleted	0.18545085678262435
colon adenocarcinoma	ARNTL	461	9	1.9522776572668112	0.927753651796289	2.126294483148183	0.04517198531789391	Enriched	0.18803297953464782
lung adenocarcinoma	PER1	520	14	2.6923076923076925	1.5387670008934775	1.7703939818946832	0.047624289204383836	Enriched	0.19664222639229456
skin cutaneous melanoma	NR1D2	104	3	2.8846153846153846	0.7722375822290019	3.8166483314998167	0.049474730843704316	Enriched	0.20264849753581288
breast invasive carcinoma	PER2	1101	11	0.9990917347865577	1.8015170670037928	0.5500885240624497	0.05011499609269175	Depleted	0.2036418888845887
lung squamous cell carcinoma	RORC	506	11	2.1739130434782608	1.1202537920095172	1.9614552605703048	0.051065300607939235	Enriched	0.20586955835641643
thyroid carcinoma	NR1D1	507	0	0.0	0.7733491969066032	0.0	0.05397899981512029	Depleted	0.21591599926048116
colon adenocarcinoma	RORA	461	9	1.9522776572668112	0.9968416896960126	1.9775475335144135	0.057402049136852325	Enriched	0.22782828804704178
bladder urothelial carcinoma	RORC	412	9	2.1844660194174756	1.1295550535310874	1.9547739777753803	0.059509767362387445	Enriched	0.2343769299195567
lung squamous cell carcinoma	TIMELESS	506	15	2.964426877470356	1.7745613165460494	1.690996597981545	0.059991149006466564	Enriched	0.234469223597793
glioblastoma multiforme	PER1	594	4	0.6734006734006734	1.6501650165016502	0.4040677966101695	0.06360524990672763	Depleted	0.245747347351089
brain lower grade glioma	CSNK1E	516	1	0.1937984496124031	1.0022824253249976	0.19179082956839374	0.06413350420253101	Depleted	0.245747347351089
brain lower grade glioma	TIMELESS	516	4	0.7751937984496124	1.8854817902153418	0.4065378289473684	0.06431668856454283	Depleted	0.245747347351089
kidney clear cell carcinoma	CSNK1E	536	1	0.1865671641791045	1.0042756289151835	0.1842509484593319	0.06500317271209588	Depleted	0.2465305513229118
kidney clear cell carcinoma	ARNTL	536	1	0.1865671641791045	1.0142189519737497	0.18242624152464723	0.06562351876282167	Depleted	0.24705324710709337
stomach adenocarcinoma	CRY2	478	8	1.6736401673640167	0.8205635195254573	2.0573186362471163	0.0673567269894345	Enriched	0.2517273300627041
brain lower grade glioma	PER1	516	3	0.5813953488372093	1.6473156693460356	0.34915098992461074	0.06844339192931406	Depleted	0.25393490338991886
colon adenocarcinoma	RORC	461	10	2.1691973969631237	1.1251480457954994	1.9484965184580076	0.06982514971873435	Enriched	0.257197673784115
colon adenocarcinoma	NPAS2	461	12	2.6030368763557483	1.4508487958941967	1.815372028544157	0.07279835130069251	Enriched	0.26623397047110403
stomach adenocarcinoma	RORC	478	10	2.092050209205021	1.1270390509144834	1.8745314140050982	0.07535551023454526	Enriched	0.273631356312675
bladder urothelial carcinoma	RORA	412	8	1.941747572815534	1.0018662213927905	1.9567074354494274	0.07699423065896847	Enriched	0.27761300068585815
rectum adenocarcinoma	TIMELESS	167	0	0.0	1.8607327834260503	0.0	0.07841586154686231	Depleted	0.2807616860978567
colon adenocarcinoma	NR1D1	461	7	1.5184381778741864	0.700750098697197	2.1848669107153937	0.08337231278586668	Enriched	0.29643488990530376
skin cutaneous melanoma	PER3	104	4	3.8461538461538463	1.6016779483268186	2.4573809523809524	0.08893467029242791	Enriched	0.3140261862485712
bladder urothelial carcinoma	CRY2	412	7	1.6990291262135921	0.8250662999705334	2.0775720164609055	0.09029573074711178	Enriched	0.3140261862485712
thyroid carcinoma	NPAS2	507	3	0.591715976331361	1.5466983938132064	0.3788919413919414	0.09123425375180316	Depleted	0.3140261862485712
glioblastoma multiforme	NR1D2	594	1	0.16835016835016836	0.83008300830083	0.20146691318393303	0.09147285642408615	Depleted	0.3140261862485712
thyroid carcinoma	CRY1	507	1	0.19723865877712032	0.9518143961927424	0.20565711462450592	0.09202180181658441	Depleted	0.3140261862485712
glioblastoma multiforme	RORB	594	3	0.5050505050505051	1.3701370137013702	0.36540812923783766	0.09207473211961019	Depleted	0.3140261862485712
brain lower grade glioma	CRY1	516	1	0.1937984496124031	0.9526644834772253	0.20188106796116506	0.09270101601761113	Depleted	0.3140261862485712
glioblastoma multiforme	CSNK1D	594	1	0.16835016835016836	0.8500850085008501	0.19668683662335085	0.09322652404254458	Depleted	0.3140261862485712
lung adenocarcinoma	RORC	520	2	0.38461538461538464	1.2111585426387372	0.3149249952528641	0.09412237624019401	Depleted	0.31497161199332896
kidney clear cell carcinoma	RORC	536	2	0.373134328358209	1.213085413145073	0.3049978510468472	0.0951783497170631	Depleted	0.3153273612067886
lung squamous cell carcinoma	CSNK1E	506	1	0.1976284584980237	1.0012887875483296	0.19578472698755023	0.0954604316153364	Depleted	0.3153273612067886
head & neck squamous cell carcinoma	CSNK1E	528	9	1.7045454545454546	0.9239940387481371	1.8594070482938654	0.10159005662871345	Enriched	0.3334237756019313
skin cutaneous melanoma	PER2	104	4	3.8461538461538463	1.6970159214415101	2.317078651685393	0.10395452029073916	Enriched	0.33901091967425767
cervical & endocervical cancer	PER2	308	9	2.9220779220779223	1.6820612542537676	1.7593906470508631	0.11301455034696972	Enriched	0.3662243656813196
glioblastoma multiforme	NPAS2	594	4	0.6734006734006734	1.5501550155015502	0.4305740841990159	0.11431831228591124	Depleted	0.36811934522255696
sarcoma	RORA	261	0	0.0	1.064653503677894	0.0	0.11767065175873251	Depleted	0.37313991631158366
pheochromocytoma & paraganglioma	NPAS2	179	0	0.0	1.5267908584597658	0.0	0.11793200945418886	Depleted	0.37313991631158366
colon adenocarcinoma	CRY2	461	7	1.5184381778741864	0.8290564547966838	1.844346549192364	0.11813729506600358	Enriched	0.37313991631158366
testicular germ cell tumor	TIMELESS	150	0	0.0	1.8577037249832424	0.0	0.11879259054450808	Depleted	0.37313991631158366
pheochromocytoma & paraganglioma	PER1	179	0	0.0	1.6228154407528328	0.0	0.12168517129051348	Depleted	0.37989516890696895
bladder urothelial carcinoma	ARNTL	412	7	1.6990291262135921	0.9429329142520381	1.8157150205761317	0.12258556871663767	Enriched	0.3803867344419302
skin cutaneous melanoma	TIMELESS	104	4	3.8461538461538463	1.81142148917914	2.1682105263157894	0.12340369935483167	Enriched	0.38061863897393866
prostate adenocarcinoma	NPAS2	498	3	0.6024096385542169	1.5453194650817237	0.3861305361305361	0.12607090068404128	Depleted	0.3865167733546655
lung adenocarcinoma	NR1D2	520	1	0.19230769230769232	0.8239849101558622	0.23191030016017827	0.13041779584951524	Depleted	0.39383071761322463
thyroid carcinoma	CSNK1D	507	1	0.19723865877712032	0.842752329962324	0.2325273192280865	0.13063873162591874	Depleted	0.39383071761322463
kidney clear cell carcinoma	NR1D2	536	1	0.1865671641791045	0.8252958138609924	0.22461434523139287	0.130764105457516	Depleted	0.39383071761322463
glioblastoma multiforme	NR1D1	594	1	0.16835016835016836	0.77007700770077	0.21729703685858828	0.13187683140456063	Depleted	0.39485928467330433
prostate adenocarcinoma	CLOCK	498	2	0.40160642570281124	1.2481426448736999	0.3190284178187404	0.13489902556715472	Depleted	0.4015598900603675
liver hepatocellular carcinoma	RORC	377	1	0.26525198938992045	1.2039937353171495	0.2182364642795364	0.13604589174471626	Depleted	0.40263292816933366
colon adenocarcinoma	PER2	461	12	2.6030368763557483	1.6778523489932886	1.5661469933184855	0.13987998034308827	Enriched	0.41160086169920224
lung adenocarcinoma	CRY1	520	8	1.5384615384615385	0.8835500843839968	1.752808988764045	0.14822653280262216	Enriched	0.4336684845425288
bladder urothelial carcinoma	CSNK1D	412	6	1.4563106796116505	0.7857774285433651	1.865948275862069	0.15018544495952738	Enriched	0.4369031126095342
prostate adenocarcinoma	PER2	498	4	0.8032128514056225	1.7632491332342743	0.4511213210207888	0.15306375846026707	Depleted	0.44276070243873866
esophageal carcinoma	NR1D1	185	3	1.6216216216216217	0.7205995388162951	2.270989010989011	0.155520055792362	Enriched	0.44733858744769295
cervical & endocervical cancer	PER1	308	8	2.5974025974025974	1.5653864851725814	1.6768530020703933	0.1599898432581816	Enriched	0.45762457959882114
kidney papillary cell carcinoma	PER2	291	8	2.7491408934707904	1.68899242865463	1.6454246375045694	0.16604960855930634	Enriched	0.4723188865686936
adrenocortical cancer	CSNK1D	92	2	2.1739130434782608	0.7999238167793543	2.755820105820106	0.17148734750681577	Enriched	0.4850912813452468
kidney clear cell carcinoma	PER2	536	5	0.9328358208955224	1.7599681813662127	0.525604604892166	0.17335402029975444	Depleted	0.48522539312683055
esophageal carcinoma	CLOCK	185	0	0.0	1.2298232129131437	0.0	0.17687839307686504	Depleted	0.48522539312683055
rectum adenocarcinoma	RORB	167	0	0.0	1.3427968540187991	0.0	0.17692578453297908	Depleted	0.48522539312683055
thymoma	TIMELESS	124	0	0.0	1.8530900754608846	0.0	0.17709675186059243	Depleted	0.48522539312683055
cervical & endocervical cancer	RORC	308	6	1.948051948051948	1.1473018959649977	1.7118082837579975	0.17780781320464098	Enriched	0.48522539312683055
skin cutaneous melanoma	NR1D1	104	2	1.9230769230769231	0.724568595671656	2.6865325077399382	0.17822544602954915	Enriched	0.48522539312683055
glioblastoma multiforme	CRY1	594	2	0.3367003367003367	0.95009500950095	0.3522048364153627	0.17844694529739194	Depleted	0.48522539312683055
pheochromocytoma & paraganglioma	RORB	179	0	0.0	1.3443441521029384	0.0	0.17911640488470892	Depleted	0.48522539312683055
kidney clear cell carcinoma	RORA	536	2	0.373134328358209	1.0738788903251466	0.3450201137467055	0.18259563722027783	Depleted	0.49204719082516973
brain lower grade glioma	NR1D1	516	1	0.1937984496124031	0.7641163044556912	0.25217500945656285	0.18564859203584755	Depleted	0.49544965183173073
sarcoma	ARNTL	261	0	0.0	0.9969028261711188	0.0	0.18604016632479273	Depleted	0.49544965183173073
head & neck squamous cell carcinoma	NR1D1	528	1	0.1893939393939394	0.7650273224043715	0.24613716454323664	0.18676129453813287	Depleted	0.49544965183173073
adrenocortical cancer	PER3	92	3	3.260869565217391	1.6093705361394153	2.060767236220996	0.18797701124614732	Enriched	0.4961042771032342
testicular germ cell tumor	PER2	150	0	0.0	1.7427942162213923	0.0	0.18913761526509235	Depleted	0.49630267499467995
esophageal carcinoma	CSNK1D	185	3	1.6216216216216217	0.7974634896233667	2.050509731232623	0.18999086777140092	Enriched	0.49630267499467995
cervical & endocervical cancer	CRY2	308	5	1.6233766233766234	0.8361691784151677	1.9569805817791082	0.19278632359210218	Enriched	0.50029066628063
brain lower grade glioma	NR1D2	516	1	0.1937984496124031	0.8236578346730178	0.23380512340624635	0.1934717811007124	Depleted	0.50029066628063
head & neck squamous cell carcinoma	NPAS2	528	4	0.7575757575757576	1.5399900645802285	0.4880571287860133	0.19585150507610857	Depleted	0.5038993497435558
rectum adenocarcinoma	CRY1	167	3	1.7964071856287425	0.9015921734126223	2.0106382978723403	0.19699089708810533	Enriched	0.5042966965455496
lung adenocarcinoma	CSNK1D	520	7	1.3461538461538463	0.7842747940037724	1.726207219878106	0.19987270818930436	Enriched	0.5091284905120589
lung adenocarcinoma	CRY2	520	7	1.3461538461538463	0.8339124391938847	1.6226445743989604	0.21659588442032482	Enriched	0.5489955090257738
bladder urothelial carcinoma	PER3	412	10	2.4271844660194173	1.5911992928003142	1.5384497266752657	0.22660865339373126	Enriched	0.5713688181234824
cervical & endocervical cancer	ARNTL	308	5	1.6233766233766234	0.9528439474963539	1.7153296962349296	0.22765476347107502	Enriched	0.5713688181234824
esophageal carcinoma	PER3	185	5	2.7027027027027026	1.6045349730976173	1.7034264803725883	0.2295969966410926	Enriched	0.5734324989279971
kidney clear cell carcinoma	CRY1	536	2	0.373134328358209	0.9446156905637865	0.3927459097181155	0.24227806360185364	Depleted	0.6017854257035552
bladder urothelial carcinoma	PER2	412	10	2.4271844660194173	1.689421471368235	1.4475587180377183	0.24388918240356336	Enriched	0.6017854257035552
sarcoma	TIMELESS	261	2	0.7662835249042146	1.8583042973286876	0.4078185328185328	0.2455329185556796	Depleted	0.6017854257035552
glioblastoma multiforme	CRY2	594	2	0.3367003367003367	0.89008900890089	0.3761767385362891	0.24565069135164655	Depleted	0.6017854257035552
adrenocortical cancer	RORA	92	2	2.1739130434782608	1.0284734787163128	2.138477366255144	0.24763948586412615	Enriched	0.603768651249679
lung squamous cell carcinoma	RORA	506	8	1.5810276679841897	1.011202537920095	1.5725647688794393	0.2531761820454988	Enriched	0.6143422047739118
bladder urothelial carcinoma	RORB	412	8	1.941747572815534	1.2965327570965524	1.5075007500750075	0.26478765436256935	Enriched	0.6394871652529976
pheochromocytoma & paraganglioma	RORA	179	0	0.0	1.0562704052237373	0.0	0.2676046107364962	Depleted	0.6406645772137856
thymoma	NPAS2	124	0	0.0	1.518769701022065	0.0	0.26777777250732443	Depleted	0.6406645772137856
thymoma	PER1	124	0	0.0	1.6142898080045849	0.0	0.27093480426827754	Depleted	0.6428027683945056
testicular germ cell tumor	RORB	150	0	0.0	1.3406109355549172	0.0	0.27118241791643205	Depleted	0.6428027683945056
lung squamous cell carcinoma	PER1	506	11	2.1739130434782608	1.566372558738971	1.3964838255977496	0.27332637253326125	Enriched	0.6443278805486068
liver hepatocellular carcinoma	ARNTL	377	1	0.26525198938992045	0.9984338292873923	0.263715060492282	0.2743427303898365	Depleted	0.6443278805486068
cervical & endocervical cancer	TIMELESS	308	8	2.5974025974025974	1.808458920758386	1.4478853046594982	0.27916461713003254	Enriched	0.6478655342672365
thymoma	PER2	124	0	0.0	1.7384659470818606	0.0	0.2798251837349052	Depleted	0.6478655342672365
uterine carcinosarcoma	TIMELESS	57	2	3.508771929824561	1.8223234624145785	1.959090909090909	0.28054939400413004	Enriched	0.6478655342672365
lung squamous cell carcinoma	PER3	506	11	2.1739130434782608	1.5961138098542678	1.3700483091787439	0.2809104464986846	Enriched	0.6478655342672365
pheochromocytoma & paraganglioma	CLOCK	179	0	0.0	1.229114653351258	0.0	0.2823906184387158	Depleted	0.6483587293301457
kidney clear cell carcinoma	PER1	536	5	0.9328358208955224	1.6307049816048524	0.5680147903173947	0.2854367291547543	Depleted	0.6516564884189708
stomach adenocarcinoma	CSNK1D	478	6	1.2552301255230125	0.7909045971329708	1.5945444915254237	0.28637248026224305	Enriched	0.6516564884189708
sarcoma	CRY2	261	4	1.5325670498084292	0.8420441347270615	1.8328189990607808	0.2886854998870614	Enriched	0.6540131678857319
cervical & endocervical cancer	NR1D1	308	4	1.2987012987012987	0.7194944093339816	1.8156116642958748	0.29063717208958095	Enriched	0.6555340621579976
adrenocortical cancer	RORC	92	2	2.1739130434782608	1.1617941148462052	1.890528233151184	0.29278383892226517	Enriched	0.655920379750699
head & neck squamous cell carcinoma	RORC	528	3	0.5681818181818182	1.2021857923497268	0.4696103896103896	0.2933706385994337	Depleted	0.655920379750699
cholangiocarcinoma	ARNTL	36	1	2.7777777777777777	0.966183574879227	2.9285714285714284	0.29695942373221423	Enriched	0.6610574997864943
esophageal carcinoma	RORB	185	4	2.1621621621621623	1.3066871637202153	1.669158271043224	0.31236241878991	Enriched	0.6923357507378092
glioblastoma multiforme	RORC	594	4	0.6734006734006734	1.2001200120012	0.558135593220339	0.3254053122772394	Depleted	0.7171706937951179
brain lower grade glioma	RORB	516	4	0.7751937984496124	1.3496080182594026	0.5710592830882353	0.3263686946372314	Depleted	0.7171706937951179
glioblastoma multiforme	CLOCK	594	4	0.6734006734006734	1.24012401240124	0.5399125205030071	0.32918528623152904	Depleted	0.7177460579493713
kidney papillary cell carcinoma	NPAS2	291	2	0.6872852233676976	1.523975927004465	0.4471822449474357	0.330941770990001	Depleted	0.7177460579493713
liver hepatocellular carcinoma	CLOCK	377	2	0.5305039787798409	1.2333594361785434	0.4270899470899471	0.33223477454381767	Depleted	0.7177460579493713
sarcoma	PER2	261	2	0.7662835249042146	1.7421602787456445	0.4355212355212355	0.3322379213554707	Depleted	0.7177460579493713
breast invasive carcinoma	NR1D1	1101	5	0.45413260672116257	0.7690686894226717	0.5886286371362863	0.34906989744180883	Depleted	0.7509402835722946
skin cutaneous melanoma	CLOCK	104	2	1.9230769230769231	1.201258461245114	1.6126672891378773	0.3587437880971181	Enriched	0.7685222573461274
esophageal carcinoma	NPAS2	185	4	2.1621621621621623	1.48923904688701	1.4618428087684905	0.36150243354005746	Enriched	0.7712051915521225
kidney papillary cell carcinoma	CSNK1E	291	4	1.3745704467353952	0.9512715977480101	1.451183957903719	0.3651865744695494	Enriched	0.7734085411456685
uterine carcinosarcoma	NR1D2	57	1	1.7543859649122806	0.7877752467729688	2.2489242685025816	0.3655563807758824	Enriched	0.7734085411456685
cervical & endocervical cancer	CRY1	308	4	1.2987012987012987	0.904229460379193	1.4419920769666101	0.36815585496954567	Enriched	0.7757028713761621
lung adenocarcinoma	PER3	520	11	2.1153846153846154	1.5983321751216122	1.3304860339967541	0.36976321473986457	Enriched	0.775896581749224
diffuse large B-cell lymphoma	CSNK1E	48	1	2.0833333333333335	0.9577999051683262	2.2001263956182853	0.37216008865088385	Enriched	0.7761154598109264
pheochromocytoma & paraganglioma	PER3	179	1	0.5586592178770949	1.6420203572114462	0.33652013929955976	0.37478521687431	Depleted	0.7761154598109264
liver hepatocellular carcinoma	CSNK1D	377	1	0.26525198938992045	0.8320281910728269	0.3169899874843554	0.37514384314845994	Depleted	0.7761154598109264
pancreatic adenocarcinoma	PER3	185	1	0.5405405405405406	1.6429669485011529	0.32535596236969233	0.3760175635344211	Depleted	0.7761154598109264
pheochromocytoma & paraganglioma	PER2	179	1	0.5586592178770949	1.7380449395045132	0.3176174809112918	0.37790915076209797	Depleted	0.7761154598109264
sarcoma	CLOCK	261	1	0.3831417624521073	1.2291908633372048	0.3090551181102362	0.3803682628910414	Depleted	0.7761154598109264
lung squamous cell carcinoma	PER2	506	11	2.1739130434782608	1.6952513135719243	1.28862897985705	0.38051049151017097	Enriched	0.7761154598109264
pancreatic adenocarcinoma	PER2	185	1	0.5405405405405406	1.7390468870099922	0.3070802306029306	0.3819943278756904	Depleted	0.7761154598109264
pheochromocytoma & paraganglioma	TIMELESS	179	1	0.5586592178770949	1.8532744382561936	0.29751993945392097	0.38737191611437605	Depleted	0.7839305179864052
uterine carcinosarcoma	CRY2	57	1	1.7543859649122806	0.8542141230068337	2.072619047619048	0.38926281600756446	Enriched	0.7846557551018623
liver hepatocellular carcinoma	CRY1	377	5	1.3262599469496021	0.9005481597494127	1.4790790088826555	0.3981511274938249	Enriched	0.7876549028824175
lung adenocarcinoma	TIMELESS	520	12	2.3076923076923075	1.8068102849200833	1.2837674136886736	0.3989877306880587	Enriched	0.7876549028824175
pheochromocytoma & paraganglioma	NR1D2	179	0	0.0	0.806606491261763	0.0	0.40699604217126306	Depleted	0.7876549028824175
rectum adenocarcinoma	CRY2	167	0	0.0	0.8728179551122195	0.0	0.40723439837940395	Depleted	0.7876549028824175
pheochromocytoma & paraganglioma	CSNK1D	179	0	0.0	0.8258114077203764	0.0	0.4073278027415913	Depleted	0.7876549028824175
uveal melanoma	TIMELESS	80	0	0.0	1.845334347950157	0.0	0.40734646329047186	Depleted	0.7876549028824175
testicular germ cell tumor	CSNK1E	150	0	0.0	0.9767308244757253	0.0	0.40749183912451137	Depleted	0.7876549028824175
thymoma	RORC	124	0	0.0	1.1844493265832459	0.0	0.4076911873161938	Depleted	0.7876549028824175
testicular germ cell tumor	ARNTL	150	0	0.0	0.9863066168725462	0.0	0.40769706800233657	Depleted	0.7876549028824175
mesothelioma	PER2	87	0	0.0	1.7323434228060157	0.0	0.4082215434691704	Depleted	0.7876549028824175
uterine carcinosarcoma	CRY1	57	1	1.7543859649122806	0.9111617312072893	1.9419642857142858	0.40888829633287666	Enriched	0.7876549028824175
pheochromocytoma & paraganglioma	CRY2	179	0	0.0	0.8738236988669099	0.0	0.4097886333469578	Depleted	0.7876549028824175
adrenocortical cancer	PER2	92	0	0.0	1.733168269688601	0.0	0.4118396605774235	Depleted	0.7876549028824175
pancreatic adenocarcinoma	CRY2	185	0	0.0	0.8743274404304381	0.0	0.4122881132275154	Depleted	0.7876549028824175
pheochromocytoma & paraganglioma	CRY1	179	0	0.0	0.9314384482427501	0.0	0.41552572313029573	Depleted	0.7883760285682222
thymoma	RORB	124	0	0.0	1.3372814977552774	0.0	0.41574517131527344	Depleted	0.7883760285682222
adrenocortical cancer	TIMELESS	92	0	0.0	1.8474431006570802	0.0	0.4188673607329904	Depleted	0.7913656409420335
pheochromocytoma & paraganglioma	CSNK1E	179	0	0.0	0.9794507393892836	0.0	0.4223434016986854	Depleted	0.7914531531565241
lung squamous cell carcinoma	NR1D1	506	5	0.9881422924901185	0.7237037771388917	1.3690427364449185	0.4232707343787168	Enriched	0.7914531531565241
cervical & endocervical cancer	CLOCK	308	5	1.6233766233766234	1.1959163830821584	1.3633314550967293	0.42497787188750435	Enriched	0.7914531531565241
uterine carcinosarcoma	ARNTL	57	1	1.7543859649122806	0.9681093394077449	1.8266806722689075	0.4278938433759909	Enriched	0.7914531531565241
pancreatic adenocarcinoma	CSNK1E	185	0	0.0	0.9800153727901614	0.0	0.42790131200368364	Depleted	0.7914531531565241
liver hepatocellular carcinoma	TIMELESS	377	9	2.387267904509284	1.8108848864526232	1.326072267920094	0.4289689539248912	Enriched	0.7914531531565241
pancreatic adenocarcinoma	ARNTL	185	3	1.6216216216216217	0.9607993850883936	1.6991208791208792	0.42973432925295646	Enriched	0.7914531531565241
prostate adenocarcinoma	NR1D2	498	2	0.40160642570281124	0.8122833085685983	0.4923780487804878	0.4397822885604172	Depleted	0.8021348725556526
cholangiocarcinoma	PER1	36	1	2.7777777777777777	1.591361182154021	1.7668367346938776	0.4400673446033915	Enriched	0.8021348725556526
lung squamous cell carcinoma	NR1D2	506	2	0.3952569169960474	0.8129275304847824	0.4841753774680604	0.4402879075550029	Depleted	0.8021348725556526
liver hepatocellular carcinoma	RORA	377	2	0.5305039787798409	1.05716523101018	0.4991604938271605	0.44180084777479306	Depleted	0.8021348725556526
brain lower grade glioma	CSNK1D	516	2	0.3875968992248062	0.8335814230425722	0.46289605336297945	0.44440765286995515	Depleted	0.8040166723300955
lung squamous cell carcinoma	CRY1	506	6	1.1857707509881423	0.9021512838306731	1.3181538461538462	0.4692868173884305	Enriched	0.8457992162139666
cervical & endocervical cancer	NPAS2	308	6	1.948051948051948	1.487603305785124	1.315673289183223	0.4708062043378525	Enriched	0.8457992162139666
head & neck squamous cell carcinoma	PER3	528	6	1.1363636363636365	1.6492796820665674	0.6854313806951946	0.4786661491272851	Depleted	0.8569128264096852
lung adenocarcinoma	PER2	520	11	2.1153846153846154	1.6976074655018365	1.2514160318937488	0.4854919029858139	Enriched	0.8614873407299748
head & neck squamous cell carcinoma	CRY1	528	6	1.1363636363636365	0.9041231992051664	1.2598206391309839	0.48555966017659136	Enriched	0.8614873407299748
cholangiocarcinoma	TIMELESS	36	1	2.7777777777777777	1.8281708818793219	1.5342709104367136	0.4865113254889521	Enriched	0.8614873407299748
uterine carcinosarcoma	RORC	57	1	1.7543859649122806	1.1674259681093395	1.511759581881533	0.4898038674740136	Enriched	0.8614873407299748
head & neck squamous cell carcinoma	ARNTL	528	3	0.5681818181818182	0.9935419771485345	0.5694285714285714	0.49169622915101074	Depleted	0.8614873407299748
liver hepatocellular carcinoma	RORB	377	3	0.7957559681697612	1.3410336726703211	0.5901284203130489	0.4920683105879486	Depleted	0.8614873407299748
prostate adenocarcinoma	RORA	498	3	0.6024096385542169	1.0599306587419515	0.5657320872274143	0.492999591472427	Depleted	0.8614873407299748
lung adenocarcinoma	RORA	520	7	1.3461538461538463	1.022535490916311	1.320804708643237	0.5000644241421444	Enriched	0.8708604937441425
kidney papillary cell carcinoma	CRY2	291	1	0.3436426116838488	0.8736167734420501	0.391264367816092	0.5221165114946222	Depleted	0.8939167787174925
sarcoma	CSNK1E	261	1	0.3831417624521073	0.9775454897406117	0.3896039603960396	0.5226738883596577	Depleted	0.8939167787174925
testicular germ cell tumor	PER3	150	1	0.6666666666666666	1.637460499856363	0.4031555398563523	0.5229800975008693	Depleted	0.8939167787174925
rectum adenocarcinoma	NPAS2	167	1	0.5988023952095808	1.515442163821216	0.39149001067561384	0.5233393116973613	Depleted	0.8939167787174925
kidney papillary cell carcinoma	CRY1	291	1	0.3436426116838488	0.9318578916715201	0.3665948275862069	0.526160064186482	Depleted	0.8939167787174925
rectum adenocarcinoma	PER1	167	1	0.5988023952095808	1.611356224822559	0.36782845668387837	0.5271225981113008	Depleted	0.8939167787174925
rectum adenocarcinoma	PER3	167	1	0.5988023952095808	1.6401304431229617	0.3612696399633622	0.5290040111513343	Depleted	0.8939167787174925
liver hepatocellular carcinoma	NR1D1	377	1	0.26525198938992045	0.7537196554424432	0.3502003315833103	0.5301088143988305	Depleted	0.8939167787174925
liver hepatocellular carcinoma	PER3	377	4	1.0610079575596818	1.644479248238058	0.6413889952763947	0.5315405102106953	Depleted	0.8939167787174925
pancreatic adenocarcinoma	NPAS2	185	1	0.5405405405405406	1.518063028439662	0.35257292239955973	0.5321026821261278	Depleted	0.8939167787174925
uterine carcinosarcoma	RORB	57	1	1.7543859649122806	1.3192862566438877	1.335688591983556	0.5325090185719438	Enriched	0.8939167787174925
diffuse large B-cell lymphoma	PER1	48	1	2.0833333333333335	1.593172119487909	1.314209726443769	0.5386945077356038	Enriched	0.9013450586948665
esophageal carcinoma	PER1	185	4	2.1621621621621623	1.5853189853958494	1.371906914448351	0.5431401361645865	Enriched	0.9050831128298109
liver hepatocellular carcinoma	NR1D2	377	4	1.0610079575596818	0.7830853563038371	1.3587131367292224	0.5444640600616831	Enriched	0.9050831128298109
kidney papillary cell carcinoma	RORA	291	4	1.3745704467353952	1.02892642205397	1.3406087699691014	0.5479526566505157	Enriched	0.9074082774654906
adrenocortical cancer	CRY2	92	1	1.0869565217391304	0.857061232263594	1.271184371184371	0.5494073554966837	Enriched	0.9074082774654906
kidney chromophobe	CLOCK	66	1	1.5151515151515151	1.2064215825971312	1.2598425196850394	0.5528460487819801	Enriched	0.9101516944577935
head & neck squamous cell carcinoma	RORB	528	5	0.946969696969697	1.3412816691505216	0.7032079881028256	0.5589706559846718	Depleted	0.9172851790517691
diffuse large B-cell lymphoma	PER2	48	1	2.0833333333333335	1.7164532954006637	1.2182908193252615	0.5655739447360425	Enriched	0.9251561012934625
uterine carcinosarcoma	NPAS2	57	1	1.7543859649122806	1.4996203492786637	1.1729204339963835	0.5786768470302024	Enriched	0.94357498624033
esophageal carcinoma	TIMELESS	185	4	2.1621621621621623	1.8255188316679478	1.1884850247164873	0.5838455517798363	Enriched	0.9489807063850038
kidney papillary cell carcinoma	CLOCK	291	2	0.6872852233676976	1.2230634828188702	0.5589059153072994	0.5880252216490438	Depleted	0.9498395639103939
sarcoma	RORB	261	2	0.7662835249042146	1.335656213704994	0.5704213530300487	0.5880842612492088	Depleted	0.9498395639103939
lung adenocarcinoma	NR1D1	520	2	0.38461538461538464	0.7544922068897052	0.5078744157691526	0.5926100020604006	Depleted	0.9535667819214034
skin cutaneous melanoma	CRY2	104	1	0.9615384615384616	0.8580417580322243	1.1217907227615966	0.5941168035799369	Enriched	0.9535667819214034
cervical & endocervical cancer	RORB	308	5	1.6233766233766234	1.3125911521633447	1.2406796235179074	0.6068993443037357	Enriched	0.9550650723088581
sarcoma	PER1	261	5	1.9157088122605364	1.5873015873015872	1.2109375	0.6128669817740632	Enriched	0.9550650723088581
lung squamous cell carcinoma	CRY2	506	5	0.9881422924901185	0.852582531971845	1.1605858051339182	0.6238302715634502	Enriched	0.9550650723088581
kidney chromophobe	NPAS2	66	0	0.0	1.5104018238814476	0.0	0.6281555922039876	Depleted	0.9550650723088581
thymoma	CSNK1D	124	0	0.0	0.8214729200496704	0.0	0.6284763394906221	Depleted	0.9550650723088581
mesothelioma	CLOCK	87	0	0.0	1.2183514182371977	0.0	0.6290203690237186	Depleted	0.9550650723088581
uveal melanoma	RORB	80	0	0.0	1.3316845809949587	0.0	0.6290750228121458	Depleted	0.9550650723088581
thymoma	CRY2	124	0	0.0	0.8692329735409303	0.0	0.6293583191924821	Depleted	0.9550650723088581
skin cutaneous melanoma	RORA	104	0	0.0	1.0487177042616074	0.0	0.6297994028692324	Depleted	0.9550650723088581
testicular germ cell tumor	NR1D1	150	0	0.0	0.7469118069520253	0.0	0.6304362690931689	Depleted	0.9550650723088581
adrenocortical cancer	CLOCK	92	0	0.0	1.2189315303304447	0.0	0.6308489080682587	Depleted	0.9550650723088581
kidney chromophobe	PER2	66	0	0.0	1.7288876223045502	0.0	0.6314059013233516	Depleted	0.9550650723088581
thymoma	CRY1	124	0	0.0	0.9265450377304423	0.0	0.6318894767279044	Depleted	0.9550650723088581
mesothelioma	RORB	87	0	0.0	1.332571863696935	0.0	0.6325140237988699	Depleted	0.9550650723088581
kidney papillary cell carcinoma	PER1	291	3	1.0309278350515463	1.6113376043486702	0.6360441767068273	0.6332003126185608	Depleted	0.9550650723088581
prostate adenocarcinoma	CSNK1E	498	3	0.6024096385542169	0.9806835066864784	0.6119375573921029	0.6341154901633126	Depleted	0.9550650723088581
kidney papillary cell carcinoma	PER3	291	3	1.0309278350515463	1.6404581634634052	0.6245685404339251	0.6346155688984619	Depleted	0.9550650723088581
testicular germ cell tumor	NR1D2	150	0	0.0	0.8043665613329503	0.0	0.6346772797364979	Depleted	0.9550650723088581
thymoma	CSNK1E	124	0	0.0	0.9743050912217022	0.0	0.6350742225438994	Depleted	0.9550650723088581
kidney chromophobe	TIMELESS	66	0	0.0	1.842880212786169	0.0	0.6355636059664649	Depleted	0.9550650723088581
testicular germ cell tumor	CSNK1D	150	0	0.0	0.823518146126592	0.0	0.6365104076988037	Depleted	0.9550650723088581
testicular germ cell tumor	CRY2	150	0	0.0	0.8713971081106962	0.0	0.6418913214980313	Depleted	0.9550650723088581
thymoma	RORA	124	0	0.0	1.050721176807718	0.0	0.6418968760197906	Depleted	0.9550650723088581
uveal melanoma	PER3	80	0	0.0	1.6360696280795206	0.0	0.6426460169449825	Depleted	0.9550650723088581
mesothelioma	NPAS2	87	0	0.0	1.513420902341519	0.0	0.6433176106511409	Depleted	0.9550650723088581
pheochromocytoma & paraganglioma	NR1D1	179	0	0.0	0.7489917418859228	0.0	0.6442725866744776	Depleted	0.9550650723088581
pancreatic adenocarcinoma	NR1D1	185	0	0.0	0.749423520368947	0.0	0.6483642453501957	Depleted	0.9550650723088581
uveal melanoma	PER2	80	0	0.0	1.7311899552934462	0.0	0.6495882912946969	Depleted	0.9550650723088581
testicular germ cell tumor	CRY1	150	0	0.0	0.9288518624916212	0.0	0.6496505357258814	Depleted	0.9550650723088581
mesothelioma	PER1	87	0	0.0	1.6086046068913002	0.0	0.6510111528042802	Depleted	0.9550650723088581
esophageal carcinoma	NR1D2	185	2	1.0810810810810811	0.7878554957724827	1.37624950019992	0.6593838933500998	Enriched	0.9617946637223183
breast invasive carcinoma	CLOCK	1101	11	0.9990917347865577	1.2326169405815424	0.8086332627617031	0.66089612534	Depleted	0.9617946637223183
head & neck squamous cell carcinoma	RORA	528	4	0.7575757575757576	1.0531544957774466	0.7171971770128187	0.6617076838771643	Depleted	0.9617946637223183
thymoma	CLOCK	124	2	1.6129032258064515	1.2035533479797498	1.3456934686442883	0.6631123365116764	Enriched	0.9617946637223183
esophageal carcinoma	CRY2	185	2	1.0810810810810811	0.8551114527286703	1.2671455762264383	0.6739287617826085	Enriched	0.9724896282520293
lung squamous cell carcinoma	CLOCK	506	7	1.383399209486166	1.1995637949836424	1.155401712515941	0.6742848008388094	Enriched	0.9724896282520293
rectum adenocarcinoma	ARNTL	167	2	1.1976047904191616	0.9687320161135623	1.2391239123912392	0.6783344451948771	Enriched	0.9755821234263401
skin cutaneous melanoma	PER1	104	2	1.9230769230769231	1.5921441510153493	1.2119290830104497	0.6828830827071666	Enriched	0.9793729365436115
esophageal carcinoma	CRY1	185	2	1.0810810810810811	0.9127594158339739	1.1864250790911706	0.6874116223898689	Enriched	0.9831138286693096
esophageal carcinoma	CSNK1E	185	2	1.0810810810810811	0.9607993850883936	1.1265573770491804	0.6991227920476512	Enriched	0.9970776309983215
esophageal carcinoma	RORA	185	2	1.0810810810810811	1.037663335895465	1.0422991297308237	0.7183665641454509	Enriched	1.0
rectum adenocarcinoma	RORC	167	2	1.1976047904191616	1.1701515442163821	1.02374565325385	0.7230689187206687	Enriched	1.0
sarcoma	NR1D2	261	1	0.3831417624521073	0.8033294618660473	0.4749304911955514	0.7253358839866316	Depleted	1.0
thymoma	PER3	124	1	0.8064516129032258	1.633393829401089	0.4896115627822945	0.7255363926884388	Depleted	1.0
rectum adenocarcinoma	CLOCK	167	1	0.5988023952095808	1.2181085747170535	0.4885210131866047	0.7255681183284113	Depleted	1.0
pheochromocytoma & paraganglioma	RORC	179	1	0.5586592178770949	1.1811023622047243	0.4700374531835206	0.7262068948150093	Depleted	1.0
kidney papillary cell carcinoma	NR1D1	291	1	0.3436426116838488	0.747427683944865	0.45790416480071655	0.7262318442567284	Depleted	1.0
pancreatic adenocarcinoma	CLOCK	185	1	0.5405405405405406	1.2202152190622597	0.43996062992125984	0.7293097717425451	Depleted	1.0
testicular germ cell tumor	NPAS2	150	1	0.6666666666666666	1.5129751986976923	0.4368787698581259	0.7298646798118635	Depleted	1.0
kidney papillary cell carcinoma	NR1D2	291	1	0.3436426116838488	0.8056688021743351	0.4245533859576236	0.7311459803414195	Depleted	1.0
kidney papillary cell carcinoma	CSNK1D	291	1	0.3436426116838488	0.8250825082508251	0.4144827586206897	0.7334035442880183	Depleted	1.0
testicular germ cell tumor	PER1	150	1	0.6666666666666666	1.6087331226659005	0.41047459252157237	0.7353614816834344	Depleted	1.0
cervical & endocervical cancer	CSNK1E	308	2	0.6493506493506493	0.9722897423432183	0.6656862745098039	0.7715267975471383	Depleted	1.0
sarcoma	RORC	261	2	0.7662835249042146	1.1807975222609368	0.646243433128679	0.7720058188685435	Depleted	1.0
cervical & endocervical cancer	RORA	308	2	0.6493506493506493	1.0500729217306757	0.6158920358266764	0.7732140128392906	Depleted	1.0
liver hepatocellular carcinoma	CRY2	377	2	0.5305039787798409	0.8711824588880188	0.6068614232209738	0.7734088402031885	Depleted	1.0
pancreatic adenocarcinoma	TIMELESS	185	2	1.0810810810810811	1.8447348193697155	0.581511839708561	0.7777372019903068	Depleted	1.0
kidney papillary cell carcinoma	RORC	291	2	0.6872852233676976	1.18423607066589	0.5774575982755686	0.7779257292964558	Depleted	1.0
liver hepatocellular carcinoma	CSNK1E	377	4	1.0610079575596818	0.9592795614722005	1.1071838923236854	0.7851303782707211	Enriched	1.0
bladder urothelial carcinoma	CRY1	412	4	0.970873786407767	0.9134662606816619	1.0634619439173518	0.7910509074312271	Enriched	1.0
kidney papillary cell carcinoma	RORB	291	4	1.3745704467353952	1.3201320132013201	1.0418118466898956	0.7949516016259108	Enriched	1.0
head & neck squamous cell carcinoma	CSNK1D	528	3	0.5681818181818182	0.8246398410332837	0.6872289156626507	0.8012447212640428	Depleted	1.0
prostate adenocarcinoma	CRY2	498	3	0.6024096385542169	0.8717186726102031	0.6891873278236914	0.8013414279272237	Depleted	1.0
sarcoma	PER3	261	3	1.1494252873563218	1.6356949283778552	0.6992569148204211	0.8021964519445817	Depleted	1.0
lung squamous cell carcinoma	ARNTL	506	5	0.9881422924901185	0.9715475364330326	1.0172512118619903	0.818451219153562	Enriched	1.0
lung adenocarcinoma	CSNK1E	520	4	0.7692307692307693	0.9728978457261988	0.7890365448504983	0.8192045402056496	Depleted	1.0
liver hepatocellular carcinoma	PER1	377	5	1.3262599469496021	1.6053249804228662	0.8238263834251246	0.8351366530872603	Depleted	1.0
lung adenocarcinoma	CLOCK	520	5	0.9615384615384616	1.2210860716767598	0.7853816402241692	0.8356583330011872	Depleted	1.0
bladder urothelial carcinoma	PER1	412	7	1.6990291262135921	1.5911992928003142	1.0689376619417772	0.8396577636884793	Enriched	1.0
lung squamous cell carcinoma	RORB	506	7	1.383399209486166	1.31852879944483	1.0498892521885876	0.8411346792216561	Enriched	1.0
adrenocortical cancer	PER1	92	1	1.0869565217391304	1.5998476335587086	0.6758895866038723	1.0	Depleted	1.0
adrenocortical cancer	NPAS2	92	1	1.0869565217391304	1.5046186077516428	0.7193629155654472	1.0	Depleted	1.0
adrenocortical cancer	RORB	92	1	1.0869565217391304	1.3236834587182174	0.8191951932959127	1.0	Depleted	1.0
adrenocortical cancer	ARNTL	92	0	0.0	0.9808589658127798	0.0	1.0	Depleted	1.0
adrenocortical cancer	CSNK1E	92	0	0.0	0.9713360632320731	0.0	1.0	Depleted	1.0
adrenocortical cancer	CRY1	92	0	0.0	0.9237215503285401	0.0	1.0	Depleted	1.0
adrenocortical cancer	NR1D2	92	0	0.0	0.7999238167793543	0.0	1.0	Depleted	1.0
adrenocortical cancer	NR1D1	92	0	0.0	0.7427864012951148	0.0	1.0	Depleted	1.0
bladder urothelial carcinoma	NR1D1	412	3	0.7281553398058253	0.7366663392594047	0.9883618581907091	1.0	Depleted	1.0
cervical & endocervical cancer	NR1D2	308	2	0.6493506493506493	0.797277588721439	0.81324725011956	1.0	Depleted	1.0
cholangiocarcinoma	PER2	36	0	0.0	1.7239746140001895	0.0	1.0	Depleted	1.0
cholangiocarcinoma	PER3	36	0	0.0	1.629250734110069	0.0	1.0	Depleted	1.0
cholangiocarcinoma	NPAS2	36	0	0.0	1.5061096902529127	0.0	1.0	Depleted	1.0
cholangiocarcinoma	RORB	36	0	0.0	1.3261343184616843	0.0	1.0	Depleted	1.0
cholangiocarcinoma	CLOCK	36	0	0.0	1.21246566259354	0.0	1.0	Depleted	1.0
cholangiocarcinoma	RORC	36	0	0.0	1.1745761106374917	0.0	1.0	Depleted	1.0
cholangiocarcinoma	RORA	36	0	0.0	1.0419626787913232	0.0	1.0	Depleted	1.0
cholangiocarcinoma	CSNK1E	36	0	0.0	0.966183574879227	0.0	1.0	Depleted	1.0
cholangiocarcinoma	CRY1	36	0	0.0	0.9188216349341669	0.0	1.0	Depleted	1.0
cholangiocarcinoma	CRY2	36	0	0.0	0.8619873070000947	0.0	1.0	Depleted	1.0
cholangiocarcinoma	CSNK1D	36	0	0.0	0.8146253670550345	0.0	1.0	Depleted	1.0
cholangiocarcinoma	NR1D2	36	0	0.0	0.7956805910770105	0.0	1.0	Depleted	1.0
cholangiocarcinoma	NR1D1	36	0	0.0	0.7388462631429383	0.0	1.0	Depleted	1.0
diffuse large B-cell lymphoma	TIMELESS	48	0	0.0	1.8397344713134187	0.0	1.0	Depleted	1.0
diffuse large B-cell lymphoma	PER3	48	0	0.0	1.6311047889995258	0.0	1.0	Depleted	1.0
diffuse large B-cell lymphoma	NPAS2	48	0	0.0	1.507823613086771	0.0	1.0	Depleted	1.0
diffuse large B-cell lymphoma	RORB	48	0	0.0	1.3276434329065907	0.0	1.0	Depleted	1.0
diffuse large B-cell lymphoma	CLOCK	48	0	0.0	1.2138454243717403	0.0	1.0	Depleted	1.0
diffuse large B-cell lymphoma	RORC	48	0	0.0	1.1759127548601234	0.0	1.0	Depleted	1.0
diffuse large B-cell lymphoma	RORA	48	0	0.0	1.0431484115694643	0.0	1.0	Depleted	1.0
diffuse large B-cell lymphoma	ARNTL	48	0	0.0	0.9767662399241347	0.0	1.0	Depleted	1.0
diffuse large B-cell lymphoma	CRY1	48	0	0.0	0.9198672356567094	0.0	1.0	Depleted	1.0
diffuse large B-cell lymphoma	CRY2	48	0	0.0	0.862968231389284	0.0	1.0	Depleted	1.0
diffuse large B-cell lymphoma	CSNK1D	48	0	0.0	0.8155523944997629	0.0	1.0	Depleted	1.0
diffuse large B-cell lymphoma	NR1D2	48	0	0.0	0.7965860597439545	0.0	1.0	Depleted	1.0
diffuse large B-cell lymphoma	NR1D1	48	0	0.0	0.7396870554765291	0.0	1.0	Depleted	1.0
esophageal carcinoma	PER2	185	3	1.6216216216216217	1.7198308993082245	0.9419546933513414	1.0	Depleted	1.0
esophageal carcinoma	RORC	185	2	1.0810810810810811	1.1721752498078402	0.9214368897249843	1.0	Depleted	1.0
esophageal carcinoma	ARNTL	185	1	0.5405405405405406	0.9800153727901614	0.5491261722080136	1.0	Depleted	1.0
head & neck squamous cell carcinoma	TIMELESS	528	9	1.7045454545454546	1.8380526577247889	0.9261052960474926	1.0	Depleted	1.0
head & neck squamous cell carcinoma	PER1	528	8	1.5151515151515151	1.5996025832091405	0.9463927376970855	1.0	Depleted	1.0
head & neck squamous cell carcinoma	CLOCK	528	6	1.1363636363636365	1.2121212121212122	0.9367816091954023	1.0	Depleted	1.0
head & neck squamous cell carcinoma	CRY2	528	4	0.7575757575757576	0.8643815201192251	0.8754935509344565	1.0	Depleted	1.0
head & neck squamous cell carcinoma	NR1D2	528	4	0.7575757575757576	0.7948335817188277	0.9527671755725191	1.0	Depleted	1.0
kidney chromophobe	PER3	66	1	1.5151515151515151	1.6243944143630664	0.9317139001349528	1.0	Depleted	1.0
kidney chromophobe	PER1	66	1	1.5151515151515151	1.5958962667426617	0.9486263736263736	1.0	Depleted	1.0
kidney chromophobe	RORB	66	0	0.0	1.3299135556188848	0.0	1.0	Depleted	1.0
kidney chromophobe	RORC	66	0	0.0	1.1779234349767265	0.0	1.0	Depleted	1.0
kidney chromophobe	RORA	66	0	0.0	1.044932079414838	0.0	1.0	Depleted	1.0
kidney chromophobe	ARNTL	66	0	0.0	0.9784364016338938	0.0	1.0	Depleted	1.0
kidney chromophobe	CSNK1E	66	0	0.0	0.968937019093759	0.0	1.0	Depleted	1.0
kidney chromophobe	CRY1	66	0	0.0	0.9214401063930845	0.0	1.0	Depleted	1.0
kidney chromophobe	CRY2	66	0	0.0	0.8644438111522751	0.0	1.0	Depleted	1.0
kidney chromophobe	CSNK1D	66	0	0.0	0.8169468984516006	0.0	1.0	Depleted	1.0
kidney chromophobe	NR1D2	66	0	0.0	0.7979481333713309	0.0	1.0	Depleted	1.0
kidney chromophobe	NR1D1	66	0	0.0	0.7409518381305216	0.0	1.0	Depleted	1.0
kidney papillary cell carcinoma	TIMELESS	291	5	1.7182130584192439	1.8345952242283052	0.9354534354534354	1.0	Depleted	1.0
kidney papillary cell carcinoma	ARNTL	291	2	0.6872852233676976	0.9803921568627451	0.698961937716263	1.0	Depleted	1.0
liver hepatocellular carcinoma	PER2	377	6	1.5915119363395225	1.7227877838684416	0.9225679980396961	1.0	Depleted	1.0
liver hepatocellular carcinoma	NPAS2	377	5	1.3262599469496021	1.5074393108848865	0.8781943862589023	1.0	Depleted	1.0
lung adenocarcinoma	NPAS2	520	7	1.3461538461538463	1.5089844137794104	0.8906201908279471	1.0	Depleted	1.0
lung adenocarcinoma	ARNTL	520	5	0.9615384615384616	0.9728978457261988	0.9882108183079057	1.0	Depleted	1.0
lung squamous cell carcinoma	CSNK1D	506	4	0.7905138339920948	0.8129275304847824	0.9722087260713245	1.0	Depleted	1.0
mesothelioma	TIMELESS	87	1	1.1494252873563218	1.8370454978107749	0.6213399204723461	1.0	Depleted	1.0
mesothelioma	PER3	87	1	1.1494252873563218	1.6276413478012564	0.7027743778049775	1.0	Depleted	1.0
mesothelioma	RORC	87	1	1.1494252873563218	1.1707595659623073	0.9815655133295519	1.0	Depleted	1.0
mesothelioma	RORA	87	0	0.0	1.0470207500475919	0.0	1.0	Depleted	1.0
mesothelioma	ARNTL	87	0	0.0	0.9803921568627451	0.0	1.0	Depleted	1.0
mesothelioma	CSNK1E	87	0	0.0	0.970873786407767	0.0	1.0	Depleted	1.0
mesothelioma	CRY1	87	0	0.0	0.9232819341328764	0.0	1.0	Depleted	1.0
mesothelioma	CRY2	87	0	0.0	0.8661717114030079	0.0	1.0	Depleted	1.0
mesothelioma	CSNK1D	87	0	0.0	0.8185798591281173	0.0	1.0	Depleted	1.0
mesothelioma	NR1D2	87	0	0.0	0.799543118218161	0.0	1.0	Depleted	1.0
mesothelioma	NR1D1	87	0	0.0	0.7424328954882924	0.0	1.0	Depleted	1.0
pancreatic adenocarcinoma	PER1	185	2	1.0810810810810811	1.6045349730976173	0.670200582441674	1.0	Depleted	1.0
pancreatic adenocarcinoma	RORB	185	2	1.0810810810810811	1.325903151421983	0.8133365011483329	1.0	Depleted	1.0
pancreatic adenocarcinoma	RORC	185	2	1.0810810810810811	1.1721752498078402	0.9214368897249843	1.0	Depleted	1.0
pancreatic adenocarcinoma	RORA	185	1	0.5405405405405406	1.047271329746349	0.513512165935381	1.0	Depleted	1.0
pancreatic adenocarcinoma	CRY1	185	1	0.5405405405405406	0.9223674096848578	0.583786231884058	1.0	Depleted	1.0
pancreatic adenocarcinoma	CSNK1D	185	1	0.5405405405405406	0.8166794773251345	0.6600383631713554	1.0	Depleted	1.0
pancreatic adenocarcinoma	NR1D2	185	1	0.5405405405405406	0.7974634896233667	0.6760738606600314	1.0	Depleted	1.0
pheochromocytoma & paraganglioma	ARNTL	179	1	0.5586592178770949	0.9794507393892836	0.5679665124476757	1.0	Depleted	1.0
prostate adenocarcinoma	NR1D1	498	3	0.6024096385542169	0.7429420505200595	0.8096969696969697	1.0	Depleted	1.0
rectum adenocarcinoma	PER2	167	2	1.1976047904191616	1.7264530980241704	0.68996632996633	1.0	Depleted	1.0
rectum adenocarcinoma	RORA	167	1	0.5988023952095808	1.0454632649146365	0.5701890129324638	1.0	Depleted	1.0
rectum adenocarcinoma	CSNK1E	167	1	0.5988023952095808	0.9687320161135623	0.6158296552546821	1.0	Depleted	1.0
rectum adenocarcinoma	CSNK1D	167	1	0.5988023952095808	0.8152695185114138	0.7328844790928419	1.0	Depleted	1.0
rectum adenocarcinoma	NR1D2	167	1	0.5988023952095808	0.7960867063111452	0.7506895050079837	1.0	Depleted	1.0
rectum adenocarcinoma	NR1D1	167	1	0.5988023952095808	0.7385382697103395	0.8096542012204663	1.0	Depleted	1.0
sarcoma	CRY1	261	2	0.7662835249042146	0.9194734804490902	0.83210729526519	1.0	Depleted	1.0
sarcoma	CSNK1D	261	2	0.7662835249042146	0.8130081300813008	0.9420849420849421	1.0	Depleted	1.0
sarcoma	NR1D1	261	1	0.3831417624521073	0.7452574525745257	0.5122377622377622	1.0	Depleted	1.0
skin cutaneous melanoma	ARNTL	104	1	0.9615384615384616	0.9724473257698542	0.988673139158576	1.0	Depleted	1.0
skin cutaneous melanoma	CSNK1E	104	1	0.9615384615384616	0.962913528458385	0.9985581082380083	1.0	Depleted	1.0
skin cutaneous melanoma	CRY1	104	0	0.0	0.9247783392125083	0.0	1.0	Depleted	1.0
skin cutaneous melanoma	CSNK1D	104	0	0.0	0.8199065687863476	0.0	1.0	Depleted	1.0
stomach adenocarcinoma	PER1	478	7	1.4644351464435146	1.601581809194266	0.9130953317082121	1.0	Depleted	1.0
testicular germ cell tumor	CLOCK	150	1	0.6666666666666666	1.2161256343962463	0.5451566876288115	1.0	Depleted	1.0
testicular germ cell tumor	RORC	150	1	0.6666666666666666	1.177822464808963	0.5631036176133574	1.0	Depleted	1.0
testicular germ cell tumor	RORA	150	1	0.6666666666666666	1.0437613712534712	0.6362908687888676	1.0	Depleted	1.0
thymoma	ARNTL	124	1	0.8064516129032258	0.9743050912217022	0.8263191455443967	1.0	Depleted	1.0
thymoma	NR1D2	124	1	0.8064516129032258	0.7928168879549146	1.0173376432559507	1.0	Enriched	1.0
thymoma	NR1D1	124	0	0.0	0.7450568344636546	0.0	1.0	Depleted	1.0
uterine carcinosarcoma	PER2	57	1	1.7543859649122806	1.7179195140470767	1.0216061562746646	1.0	Enriched	1.0
uterine carcinosarcoma	PER3	57	0	0.0	1.6324981017463933	0.0	1.0	Depleted	1.0
uterine carcinosarcoma	PER1	57	0	0.0	1.6040242976461656	0.0	1.0	Depleted	1.0
uterine carcinosarcoma	CLOCK	57	0	0.0	1.2148823082763858	0.0	1.0	Depleted	1.0
uterine carcinosarcoma	RORA	57	0	0.0	1.044039483675019	0.0	1.0	Depleted	1.0
uterine carcinosarcoma	CSNK1E	57	0	0.0	0.9681093394077449	0.0	1.0	Depleted	1.0
uterine carcinosarcoma	CSNK1D	57	0	0.0	0.8162490508731967	0.0	1.0	Depleted	1.0
uterine carcinosarcoma	NR1D1	57	0	0.0	0.7403189066059226	0.0	1.0	Depleted	1.0
uveal melanoma	PER1	80	1	1.25	1.5980214971939504	0.779460518384569	1.0	Depleted	1.0
uveal melanoma	NPAS2	80	1	1.25	1.5029011699800248	0.8295946162473963	1.0	Depleted	1.0
uveal melanoma	CLOCK	80	0	0.0	1.217540188338248	0.0	1.0	Depleted	1.0
uveal melanoma	RORC	80	0	0.0	1.1794920574526777	0.0	1.0	Depleted	1.0
uveal melanoma	RORA	80	0	0.0	1.0463235993531819	0.0	1.0	Depleted	1.0
uveal melanoma	ARNTL	80	0	0.0	0.9797393703034338	0.0	1.0	Depleted	1.0
uveal melanoma	CSNK1E	80	0	0.0	0.9702273375820413	0.0	1.0	Depleted	1.0
uveal melanoma	CRY1	80	0	0.0	0.9226671739750785	0.0	1.0	Depleted	1.0
uveal melanoma	CRY2	80	0	0.0	0.8655949776467231	0.0	1.0	Depleted	1.0
uveal melanoma	CSNK1D	80	0	0.0	0.8180348140397603	0.0	1.0	Depleted	1.0
uveal melanoma	NR1D2	80	0	0.0	0.7990107485969752	0.0	1.0	Depleted	1.0
uveal melanoma	NR1D1	80	0	0.0	0.7419385522686198	0.0	1.0	Depleted	1.0
