Gene1	Gene2	Gene1_Mutant	Gene2_Mutant	Observed_CoMutation	Expected_CoMutation	Odds_Ratio	P_value	FDR	Direction	Observed_Expected_Ratio
NPAS2	PER3	45	43	25	3.5374771480804386	33.611111111111114	9.330925720810843e-20	1.1197110864973011e-17	Co-mutated	7.0671834625323005
PER3	TIMELESS	43	39	23	3.0658135283363803	35.075	8.689297340508574e-19	4.5402393010626073e-17	Co-mutated	7.502087060226595
CRY2	PER3	28	43	20	2.2010968921389398	53.91304347826087	1.2754725222219764e-18	4.5402393010626073e-17	Co-mutated	9.086378737541528
PER2	PER3	54	43	26	4.244972577696527	26.0	1.5134131003542024e-18	4.5402393010626073e-17	Co-mutated	6.1248923341946595
PER1	PER2	44	54	26	4.343692870201097	24.503968253968253	3.502067434778474e-18	8.404961843468337e-17	Co-mutated	5.985690235690236
CSNK1D	NPAS2	26	45	19	2.1389396709323583	51.675824175824175	1.8173845794628975e-17	3.634769158925795e-16	Co-mutated	8.882905982905983
PER2	RORC	54	36	23	3.553930530164534	27.39454094292804	5.1162659631229465e-17	8.770741651067909e-16	Co-mutated	6.471707818930041
PER3	RORB	43	32	20	2.5155393053016453	35.65217391304348	7.796402738066235e-17	1.1694604107099352e-15	Co-mutated	7.950581395348838
NPAS2	PER2	45	54	25	4.442413162705667	20.387931034482758	1.6778724640906851e-16	2.237163285454247e-15	Co-mutated	5.627572016460906
PER2	TIMELESS	54	39	23	3.850091407678245	22.118951612903224	6.977327204336618e-16	8.372792645203942e-15	Co-mutated	5.973884140550807
ARNTL	PER3	36	43	20	2.829981718464351	26.52173913043478	2.120556775122416e-15	2.3133346637699084e-14	Co-mutated	7.0671834625323
NPAS2	RORB	45	32	19	2.6325411334552102	27.488165680473372	7.165417237070788e-15	6.969663112529655e-14	Co-mutated	7.217361111111111
CLOCK	RORB	39	32	18	2.2815356489945153	30.244897959183675	7.550468371907126e-15	6.969663112529655e-14	Co-mutated	7.8894230769230775
PER1	PER3	44	43	21	3.458866544789762	19.962450592885375	1.950720428886362e-14	1.672046081902596e-13	Co-mutated	6.071353065539112
PER1	TIMELESS	44	39	20	3.137111517367459	21.228070175438596	3.100679369445103e-14	2.4805434955560825e-13	Co-mutated	6.375291375291375
CRY1	NPAS2	27	45	17	2.2212065813528334	29.87142857142857	7.230311384907796e-14	5.422733538680846e-13	Co-mutated	7.653497942386832
ARNTL	PER1	36	44	19	2.895795246800731	21.72705882352941	8.696377640565296e-14	6.138619510987268e-13	Co-mutated	6.561237373737374
CRY2	PER1	28	44	17	2.2522851919561244	28.161616161616163	1.1099044704974913e-13	7.399363136649943e-13	Co-mutated	7.54788961038961
CRY2	NPAS2	28	45	17	2.303473491773309	27.100649350649352	1.7471076055673702e-13	1.1034363824636023e-12	Co-mutated	7.38015873015873
CRY2	PER2	28	54	18	2.764168190127971	24.15	2.872388395243743e-13	1.7234330371462456e-12	Co-mutated	6.511904761904762
PER3	RORA	43	35	18	2.7513711151736744	20.625882352941176	5.539800234260571e-13	3.1656001338631835e-12	Co-mutated	6.542192691029901
CLOCK	PER1	39	44	19	3.137111517367459	18.354	6.045895011930188e-13	3.297760915598284e-12	Co-mutated	6.056526806526806
CRY1	PER3	27	43	16	2.1224862888482634	26.55892255892256	8.157404111273126e-13	4.256036927620761e-12	Co-mutated	7.53832902670112
PER1	RORA	44	35	18	2.8153564899451555	19.79185520361991	9.076964708734637e-13	4.538482354367318e-12	Co-mutated	6.393506493506493
NPAS2	PER1	45	44	20	3.619744058500914	15.933333333333334	1.0817179751597917e-12	5.1922462807669995e-12	Co-mutated	5.525252525252525
NR1D2	PER2	20	54	15	1.9744058500914077	37.53846153846154	1.2687969840801424e-12	5.855986080369888e-12	Co-mutated	7.597222222222222
CSNK1E	NPAS2	27	45	16	2.2212065813528334	24.6269592476489	1.9085781582622746e-12	8.482569592276776e-12	Co-mutated	7.203292181069959
PER1	RORB	44	32	17	2.574040219378428	20.483950617283952	2.390559379630686e-12	1.024525448413151e-11	Co-mutated	6.604403409090908
CRY1	PER2	27	54	17	2.6654478976234004	22.191891891891892	2.6039955289136848e-12	1.0775153912746283e-11	Co-mutated	6.377914951989026
ARNTL	NPAS2	36	45	18	2.9616087751371114	17.925925925925927	2.7835792165457518e-12	1.1134316866183007e-11	Co-mutated	6.077777777777778
PER2	RORA	54	35	19	3.4552102376599634	16.18392857142857	4.124944500494085e-12	1.596752709868678e-11	Co-mutated	5.498941798941799
CLOCK	PER3	39	43	18	3.0658135283363803	16.56	6.301308664303791e-12	2.3629907491139217e-11	Co-mutated	5.8711985688729875
ARNTL	PER2	36	54	19	3.553930530164534	15.2	8.170485669916676e-12	2.940039301661518e-11	Co-mutated	5.34619341563786
CLOCK	NR1D2	39	20	13	1.4259597806215722	35.785714285714285	8.330111354707635e-12	2.940039301661518e-11	Co-mutated	9.116666666666667
CSNK1D	PER3	26	43	15	2.043875685557587	24.00974025974026	9.027952877689384e-12	3.0952981294935037e-11	Co-mutated	7.3389982110912335
CLOCK	NPAS2	39	45	18	3.2084095063985374	15.26984126984127	1.6403932050420967e-11	5.3201941785149075e-11	Co-mutated	5.610256410256411
NPAS2	TIMELESS	45	39	18	3.2084095063985374	15.26984126984127	1.6403932050420967e-11	5.3201941785149075e-11	Co-mutated	5.610256410256411
CSNK1D	PER2	26	54	16	2.56672760511883	20.33684210526316	2.25651350359327e-11	7.125832116610326e-11	Co-mutated	6.233618233618234
PER1	RORC	44	36	17	2.895795246800731	16.03898635477583	2.966213841564921e-11	9.126811820199756e-11	Co-mutated	5.870580808080809
NR1D2	PER1	20	44	13	1.6087751371115173	29.714285714285715	4.992835349089484e-11	1.4978506047268453e-10	Co-mutated	8.080681818181818
CLOCK	PER2	39	54	19	3.850091407678245	12.838571428571429	5.3564048136618447e-11	1.5677282381449303e-10	Co-mutated	4.934947768281102
CLOCK	CRY1	39	27	14	1.9250457038391224	21.323076923076922	8.074304786252943e-11	2.3069442246436983e-10	Co-mutated	7.272554605887939
PER2	RORB	54	32	17	3.1590493601462524	14.641441441441442	1.2333244902462792e-10	3.4418357867338026e-10	Co-mutated	5.3813657407407405
CRY2	RORB	28	32	13	1.6380255941499087	22.80701754385965	1.4310968942468102e-10	3.9029915297640277e-10	Co-mutated	7.936383928571428
CRY2	TIMELESS	28	39	14	1.9963436928702012	19.76	1.5427236047031568e-10	4.1139296125417514e-10	Co-mutated	7.012820512820513
ARNTL	RORB	36	32	14	2.106032906764168	17.42929292929293	4.1962127724632676e-10	1.0946642015121568e-09	Co-mutated	6.647569444444445
RORA	TIMELESS	35	39	15	2.495429616087751	15.25	4.587222007027244e-10	1.1712056188154665e-09	Co-mutated	6.010989010989012
ARNTL	CRY1	36	27	13	1.776965265082267	20.065217391304348	4.766446727728595e-10	1.1916116819321488e-09	Co-mutated	7.315843621399177
ARNTL	CRY2	36	28	13	1.8427787934186473	18.689855072463768	8.533796168072641e-10	2.061549016551546e-09	Co-mutated	7.054563492063492
CSNK1E	PER2	27	54	15	2.6654478976234004	15.416666666666666	8.589787568964776e-10	2.061549016551546e-09	Co-mutated	5.627572016460905
NR1D2	PER3	20	43	12	1.5722120658135283	24.0	9.362062607169769e-10	2.202838260510534e-09	Co-mutated	7.632558139534884
CSNK1D	RORB	26	32	12	1.5210237659963437	21.47142857142857	1.0003775928044264e-09	2.3085636757025225e-09	Co-mutated	7.889423076923077
NR1D1	PER1	24	44	13	1.9305301645338209	18.75659824046921	1.2844456363559134e-09	2.9081787992964074e-09	Co-mutated	6.733901515151515
NPAS2	NR1D2	45	20	12	1.6453382084095065	22.454545454545453	1.7046514938958529e-09	3.788114430879674e-09	Co-mutated	7.293333333333333
CSNK1D	CSNK1E	26	27	11	1.283363802559415	23.145833333333332	2.2269089272792447e-09	4.85871038679108e-09	Co-mutated	8.571225071225072
CRY2	CSNK1D	28	26	11	1.3308957952468008	21.741176470588236	3.5714048348341697e-09	7.653010360358935e-09	Co-mutated	8.26510989010989
CSNK1D	PER1	26	44	13	2.0914076782449724	15.806451612903226	4.78127604359234e-09	1.0065844302299662e-08	Co-mutated	6.215909090909092
CRY1	RORA	27	35	12	1.7276051188299817	17.286956521739132	5.918371642158695e-09	1.2244906845845577e-08	Co-mutated	6.946031746031746
NR1D2	TIMELESS	20	39	11	1.4259597806215722	21.78174603174603	6.0794929417679856e-09	1.2365070390036581e-08	Co-mutated	7.714102564102564
RORB	RORC	32	36	13	2.106032906764168	14.636155606407323	6.696010674355971e-09	1.3392021348711942e-08	Co-mutated	6.172743055555556
CLOCK	RORC	39	36	14	2.56672760511883	12.370909090909091	1.0101912561829595e-08	1.9872614875730352e-08	Co-mutated	5.454415954415954
CLOCK	CSNK1D	39	26	12	1.853747714808044	15.682539682539682	1.4506205721615052e-08	2.8076527203125908e-08	Co-mutated	6.4733727810650885
NR1D1	PER3	24	43	12	1.886654478976234	15.870967741935484	1.6082061744513275e-08	3.063249856097767e-08	Co-mutated	6.3604651162790695
RORB	TIMELESS	32	39	13	2.2815356489945153	12.868421052631579	2.119549533631941e-08	3.974155375559889e-08	Co-mutated	5.697916666666667
CRY1	TIMELESS	27	39	12	1.9250457038391224	14.607407407407408	2.4870106858892485e-08	4.5914043431801515e-08	Co-mutated	6.233618233618234
CSNK1D	NR1D2	26	20	9	0.9506398537477148	24.545454545454547	3.3713047401372e-08	6.129644982067636e-08	Co-mutated	9.467307692307692
CLOCK	TIMELESS	39	39	14	2.7806215722120657	10.8192	3.492013455662515e-08	6.254352457903012e-08	Co-mutated	5.034845496383958
RORA	RORB	35	32	12	2.047531992687386	12.834782608695653	6.245126981867998e-08	1.1020812320943526e-07	Co-mutated	5.860714285714286
NR1D1	TIMELESS	24	39	11	1.7111517367458866	14.958791208791208	7.403456892163456e-08	1.2875577203762532e-07	Co-mutated	6.428418803418803
CLOCK	RORA	39	35	13	2.495429616087751	11.045454545454545	7.806830101173564e-08	1.338313731629754e-07	Co-mutated	5.20952380952381
NPAS2	RORC	45	36	14	2.9616087751371114	9.853372434017595	8.734029238738291e-08	1.4566313563602652e-07	Co-mutated	4.727160493827161
CSNK1E	PER3	27	43	12	2.1224862888482634	12.619354838709677	8.739788138161592e-08	1.4566313563602652e-07	Co-mutated	5.6537467700258395
CRY2	CSNK1E	28	27	10	1.3820840950639854	16.405228758169933	1.0686594234669453e-07	1.7567004221374443e-07	Co-mutated	7.235449735449735
RORC	TIMELESS	36	39	13	2.56672760511883	10.543478260869565	1.1648408578776951e-07	1.8458547018731024e-07	Co-mutated	5.064814814814815
ARNTL	TIMELESS	36	39	13	2.56672760511883	10.543478260869565	1.1648408578776951e-07	1.8458547018731024e-07	Co-mutated	5.064814814814815
CSNK1E	PER1	27	44	12	2.1718464351005484	12.2	1.1690413111862982e-07	1.8458547018731024e-07	Co-mutated	5.525252525252525
CRY2	RORA	28	35	11	1.7915904936014626	13.345588235294118	1.4672367255499114e-07	2.2866026891686928e-07	Co-mutated	6.139795918367347
CRY2	RORC	28	36	11	1.8427787934186473	12.785882352941176	2.0491149270505798e-07	3.1524845031547383e-07	Co-mutated	5.969246031746032
CSNK1D	NR1D1	26	24	9	1.1407678244972577	17.858823529411765	2.3335951100466204e-07	3.5447014329822083e-07	Co-mutated	7.8894230769230775
ARNTL	RORA	36	35	12	2.303473491773309	10.608695652173912	2.9285338296553293e-07	4.392800744482994e-07	Co-mutated	5.20952380952381
NR1D1	RORA	24	35	10	1.5356489945155394	14.228571428571428	3.2130963015358633e-07	4.7601426689420204e-07	Co-mutated	6.511904761904762
NPAS2	NR1D1	45	24	11	1.9744058500914077	12.169683257918551	3.891512484746803e-07	5.694896319141663e-07	Co-mutated	5.571296296296296
PER3	RORC	43	36	13	2.829981718464351	9.06231884057971	4.423410481418425e-07	6.3952922622917e-07	Co-mutated	4.593669250645995
CRY1	RORB	27	32	10	1.5795246800731262	13.315508021390375	4.658326585085111e-07	6.6547522644073e-07	Co-mutated	6.331018518518518
CRY2	NR1D1	28	24	9	1.2285191956124315	15.91578947368421	4.896453228691528e-07	6.912639852270393e-07	Co-mutated	7.325892857142857
CLOCK	CRY2	39	28	11	1.9963436928702012	11.346638655462185	5.21324638897175e-07	7.274297286937324e-07	Co-mutated	5.51007326007326
NR1D2	RORC	20	36	9	1.3162705667276051	15.151515151515152	8.383959499161088e-07	1.1564082067808398e-06	Co-mutated	6.8375
CLOCK	NR1D1	39	24	10	1.7111517367458866	12.167487684729064	1.0069038369020856e-06	1.3730506866846621e-06	Co-mutated	5.844017094017095
CSNK1D	RORC	26	36	10	1.7111517367458866	11.899038461538462	1.0721870977989102e-06	1.4295827970652137e-06	Co-mutated	5.844017094017095
ARNTL	CSNK1D	36	26	10	1.7111517367458866	11.899038461538462	1.0721870977989102e-06	1.4295827970652137e-06	Co-mutated	5.844017094017095
ARNTL	CLOCK	36	39	12	2.56672760511883	8.962962962962964	1.1515760644753482e-06	1.5185618432641956e-06	Co-mutated	4.6752136752136755
CRY1	PER1	27	44	11	2.1718464351005484	10.145833333333334	1.3168249537571907e-06	1.7175977657702487e-06	Co-mutated	5.064814814814815
CRY2	NR1D2	28	20	8	1.023765996343693	16.9	1.3826700013646668e-06	1.7840903243415055e-06	Co-mutated	7.814285714285714
ARNTL	CSNK1E	36	27	10	1.776965265082267	11.176470588235293	1.6263568135138313e-06	2.0762001874644655e-06	Co-mutated	5.627572016460905
CSNK1D	TIMELESS	26	39	10	1.853747714808044	10.60344827586207	2.4611965538954404e-06	3.108879857552135e-06	Co-mutated	5.394477317554241
NR1D1	PER2	24	54	11	2.3692870201096894	9.445438282647585	2.9595782660593005e-06	3.6994728325741257e-06	Co-mutated	4.642746913580247
CSNK1E	TIMELESS	27	39	10	1.9250457038391224	9.959432048681542	3.713192825211186e-06	4.593640608508684e-06	Co-mutated	5.194681861348528
ARNTL	RORC	36	36	11	2.3692870201096894	8.5536	4.000094619054902e-06	4.898075043740696e-06	Co-mutated	4.642746913580247
NR1D2	RORB	20	32	8	1.170018281535649	13.972222222222221	4.3088209425324425e-06	5.222813263675687e-06	Co-mutated	6.8374999999999995
NPAS2	RORA	45	35	12	2.8793418647166362	7.573122529644269	4.600629168183478e-06	5.520755001820173e-06	Co-mutated	4.167619047619048
CSNK1E	RORB	27	32	9	1.5795246800731262	10.804347826086957	5.6923170060661505e-06	6.763148918098397e-06	Co-mutated	5.697916666666666
CRY1	CSNK1D	27	26	8	1.283363802559415	11.742690058479532	1.0292188974039922e-05	1.2108457616517556e-05	Co-mutated	6.233618233618234
CRY1	CSNK1E	27	27	8	1.3327239488117002	11.102493074792244	1.4157093088957727e-05	1.6493700686164342e-05	Co-mutated	6.002743484224966
CRY1	NR1D2	27	20	7	0.9872029250457038	13.65	1.59902411676837e-05	1.827456133449566e-05	Co-mutated	7.090740740740741
CSNK1E	NR1D2	27	20	7	0.9872029250457038	13.65	1.59902411676837e-05	1.827456133449566e-05	Co-mutated	7.090740740740741
CRY1	CRY2	27	28	8	1.3820840950639854	10.526315789473685	1.918406981612053e-05	2.1717814886174183e-05	Co-mutated	5.788359788359788
NR1D1	RORB	24	32	8	1.4040219378427787	10.395833333333334	2.1350594471903043e-05	2.394459193110622e-05	Co-mutated	5.697916666666667
RORA	RORC	35	36	10	2.303473491773309	7.476923076923077	2.4445292641095873e-05	2.7161436267884302e-05	Co-mutated	4.341269841269841
NR1D1	RORC	24	36	8	1.5795246800731262	8.839285714285714	5.498936611067225e-05	6.053875168147403e-05	Co-mutated	5.064814814814815
CRY1	NR1D1	27	24	7	1.1846435100548447	10.355882352941176	6.244500374196062e-05	6.750811215347094e-05	Co-mutated	5.90895061728395
CSNK1E	NR1D1	27	24	7	1.1846435100548447	10.355882352941176	6.244500374196062e-05	6.750811215347094e-05	Co-mutated	5.90895061728395
NR1D1	NR1D2	24	20	6	0.8775137111517367	12.119047619047619	9.587655314942141e-05	0.00010272487837438008	Co-mutated	6.8375
NR1D2	RORA	20	35	7	1.2797074954296161	9.596153846153847	0.00010158104391496173	0.00010787367495394166	Co-mutated	5.47
ARNTL	NR1D2	36	20	7	1.3162705667276051	9.246684350132625	0.00012334656544530997	0.00012983848994243153	Co-mutated	5.3180555555555555
CRY1	RORC	27	36	8	1.776965265082267	7.398496240601504	0.00014368072636127888	0.00014992771446394317	Co-mutated	4.502057613168724
CLOCK	CSNK1E	39	27	8	1.9250457038391224	6.64176570458404	0.0002645821330553422	0.0002737056548848368	Co-mutated	4.155745489078822
CSNK1D	RORA	26	35	7	1.663619744058501	6.4868421052631575	0.0006500186888504649	0.0006666858347184255	Co-mutated	4.207692307692308
CSNK1E	RORC	27	36	7	1.776965265082267	5.925862068965517	0.001004480462491491	0.0010215055550760925	Co-mutated	3.9393004115226335
CSNK1E	RORA	27	35	6	1.7276051188299817	4.83743842364532	0.004917931114713104	0.004959258266937584	Co-mutated	3.473015873015873
ARNTL	NR1D1	36	24	4	1.5795246800731262	3.06875	0.06504007279501668	0.06504007279501668	Neutral	2.5324074074074074
