Gene1	Gene2	Observed_CoMutation	FixedMargin_Expected	Null_SD	Observed_Expected_Ratio	Permutation_Z	Permutation_P	FDR	Direction
CRY2	PER3	20	13.6609	2.245131455288343	1.4640323843963428	2.8234872328158924	0.0034996500349965005	0.41995800419958007	Enriched
CSNK1D	NPAS2	19	13.2636	2.2183793996330006	1.432491932808589	2.5858516360857866	0.008599140085991401	0.5159484051594841	Enriched
PER3	TIMELESS	23	17.827	2.4621285928482233	1.2901778201604306	2.101027547881162	0.028097190280971903	0.8255174482551746	Enriched
NPAS2	PER3	25	19.8029	2.560723983706966	1.2624413595988466	2.0295432202249892	0.0334966503349665	0.8255174482551746	Enriched
PER3	RORB	20	15.315	2.3244171939497336	1.3059092393078682	2.0155590021424166	0.034396560343965606	0.8255174482551746	Enriched
CLOCK	NR1D2	13	9.5739	1.9700068230055114	1.3578583440395242	1.7391310324362337	0.0714928507149285	0.9998000199980002	Enriched
CLOCK	RORB	18	14.2725	2.3222366434760326	1.261166579085654	1.605133572614935	0.08049195080491951	0.9998000199980002	Enriched
NR1D2	PER2	15	11.7859	2.0129745146523	1.2727072179468688	1.596691849104294	0.08649135086491351	0.9998000199980002	Enriched
CRY1	NPAS2	17	13.6607	2.238632765253329	1.2444457458256166	1.491669402784836	0.1024897510248975	0.9998000199980002	Enriched
PER2	RORC	23	19.5706	2.449370445963239	1.175232236109266	1.4001148767234988	0.1141885811418858	0.9998000199980002	Enriched
PER2	PER3	26	22.4031	2.599593464105083	1.1605536733755597	1.3836394227272932	0.11548845115488451	0.9998000199980002	Enriched
CRY2	PER1	17	13.9092	2.2659807648968884	1.2222126362407615	1.3640009870695633	0.12288771122887711	0.9998000199980002	Enriched
NPAS2	RORB	19	15.765	2.3590954904694543	1.2052013954963527	1.3712882810675215	0.12468753124687532	0.9998000199980002	Enriched
ARNTL	PER3	20	16.7924	2.4256732321281254	1.1910149829684857	1.3223545354399873	0.1327867213278672	0.9998000199980002	Enriched
NR1D2	PER1	13	10.366	2.0033585162258034	1.2540999421184642	1.314792124657889	0.141985801419858	0.9998000199980002	Enriched
CRY2	NPAS2	17	14.1189	2.2855382645048525	1.2040598063588523	1.260578326228186	0.14808519148085192	0.9998000199980002	Enriched
PER1	PER2	26	22.8133	2.645929553922483	1.1396860603244598	1.204378247816857	0.15498450154984503	0.9998000199980002	Enriched
CRY1	PER3	16	13.2852	2.235790874854714	1.2043476951795984	1.2142459433628439	0.1618838116188381	0.9998000199980002	Enriched
CSNK1D	NR1D2	9	6.9603	1.8543645210091997	1.2930477134606266	1.0999455484027139	0.2014798520147985	0.9998000199980002	Enriched
CSNK1E	NPAS2	16	13.7017	2.223693232251049	1.1677383098447638	1.0335508363594854	0.20887911208879112	0.9998000199980002	Enriched
CSNK1D	CSNK1E	11	9.0093	1.9721060900070828	1.220960562973816	1.0094284532090516	0.22607739226077392	0.9998000199980002	Enriched
CSNK1D	PER3	15	12.8369	2.204265017738757	1.168506415100219	0.981324832809357	0.22617738226177383	0.9998000199980002	Enriched
CRY2	PER2	18	15.8472	2.2908463409176463	1.1358473421172195	0.9397400260104963	0.23227677232276772	0.9998000199980002	Enriched
CRY2	RORB	13	10.9863	2.174439037663013	1.1832919181161994	0.9260779286616524	0.24267573242675733	0.9998000199980002	Enriched
PER2	TIMELESS	23	20.8215	2.531023183978326	1.1046274283793194	0.860719101188073	0.2565743425657434	0.9998000199980002	Enriched
NR1D2	PER3	12	10.2185	1.9984887154333826	1.1743406566521504	0.891423597362506	0.26207379262073793	0.9998000199980002	Enriched
CRY2	CSNK1D	11	9.2831	2.025676362717561	1.184948993331969	0.8475687585635253	0.26947305269473054	0.9998000199980002	Enriched
ARNTL	PER1	19	17.0462	2.4088681625573574	1.114617920709601	0.8110863144647001	0.275972402759724	0.9998000199980002	Enriched
CSNK1D	RORB	12	10.3202	2.12035882627333	1.1627681634076859	0.7922244005050593	0.2836716328367163	0.9998000199980002	Enriched
PER1	TIMELESS	20	18.1401	2.513424699562737	1.10252975452175	0.7399863621629755	0.294970502949705	0.9998000199980002	Enriched
NPAS2	PER2	25	23.1449	2.6555995953684532	1.080151566867863	0.6985616367902078	0.30356964303569645	0.9998000199980002	Enriched
CLOCK	CRY1	14	12.3819	2.2085606543666403	1.1306826900556457	0.7326491109948848	0.30496950304969506	0.9998000199980002	Enriched
CRY1	PER2	17	15.3911	2.2573104206186403	1.1045344387340736	0.7127508849930635	0.3130686931306869	0.9998000199980002	Enriched
NPAS2	NR1D2	12	10.5279	2.0154969146047526	1.1398284558173994	0.7303905996247503	0.3197680231976802	0.9998000199980002	Enriched
NR1D2	TIMELESS	11	9.552	2.001423635729569	1.1515912897822447	0.723485010444662	0.32196780321967805	0.9998000199980002	Enriched
PER3	RORA	18	16.4317	2.4132379662495316	1.0954435633561956	0.6498737471950732	0.3261673832616738	0.9998000199980002	Enriched
PER1	RORB	17	15.5256	2.36052999349405	1.0949657340135002	0.6246054928612013	0.3387661233876612	0.9998000199980002	Enriched
PER1	PER3	21	19.5226	2.5359677350540806	1.0756763955620665	0.5825783899291184	0.3511648835116488	0.9998000199980002	Enriched
ARNTL	CRY1	13	11.6804	2.167469868893973	1.1129755830279784	0.608820458792985	0.3555644435556444	0.9998000199980002	Enriched
PER1	RORA	18	16.6933	2.44500161825945	1.0782769134922394	0.5344372740866381	0.3702629737026297	0.9998000199980002	Enriched
CRY2	TIMELESS	14	12.8131	2.2217700187466796	1.092631759683449	0.5342137079829444	0.38196180381961803	0.9998000199980002	Enriched
CSNK1D	PER2	16	14.854	2.205894511770612	1.0771509357748754	0.5195171364201535	0.3902609739026097	0.9998000199980002	Enriched
ARNTL	CRY2	13	12.0406	2.2197397064602966	1.0796804145972791	0.4322128388332097	0.4166583341665833	0.9998000199980002	Enriched
CSNK1D	NR1D1	9	8.1557	1.9662767186775725	1.1035226896526356	0.4293902236547041	0.42705729427057293	0.9998000199980002	Enriched
NR1D1	PER1	13	12.1746	2.1188590789336694	1.0677968886041431	0.3895492664926959	0.43755624437556245	0.9998000199980002	Enriched
CLOCK	PER1	19	18.1297	2.4771135458738898	1.048004103763438	0.35133633718553303	0.43865613438656137	0.9998000199980002	Enriched
ARNTL	NPAS2	18	17.2838	2.4374682941873353	1.0414376468137794	0.29382946301616836	0.46595340465953405	0.9998000199980002	Enriched
CRY2	NR1D2	8	7.4319	1.8754503782857441	1.0764407486645406	0.30291390621556846	0.47825217478252174	0.9998000199980002	Enriched
ARNTL	RORB	14	13.4102	2.2954875051475727	1.0439814469582855	0.2569388849546725	0.48225177482251774	0.9998000199980002	Enriched
CRY1	RORA	12	11.4155	2.1540482219240675	1.0512023126450878	0.27134954271260714	0.48735126487351266	0.9998000199980002	Enriched
CRY2	CSNK1E	10	9.5793	2.0591589359620484	1.0439176140219013	0.20430671603474218	0.514048595140486	0.9998000199980002	Enriched
CRY2	NR1D1	9	8.6865	1.991184127955811	1.0360904852357105	0.15744400309269477	0.531946805319468	0.9998000199980002	Enriched
CLOCK	PER3	18	17.8586	2.4458136152258296	1.007917753911281	0.057813072557838775	0.5611438856114389	0.9998000199980002	Enriched
CLOCK	CSNK1D	12	11.9887	2.174498828354582	1.0009425542385746	0.005196599718819296	0.5854414558544145	0.9998000199980002	Enriched
NR1D2	RORC	9	8.9977	1.989394500607636	1.0002556208808917	0.001156130671567385	0.5921407859214078	0.9998000199980002	Enriched
NR1D1	PER3	12	12.0024	2.1549613977662307	0.9998000399920016	-0.0011137090448522674	0.5924407559244076	0.9998000199980002	Depleted
PER2	RORA	19	19.1005	2.4669431146325778	0.9947383576346169	-0.040738677517081115	0.5928407159284071	0.9998000199980002	Depleted
PER1	RORC	17	17.0903	2.4096320347003743	0.9947163010596655	-0.037474601391256614	0.5965403459654035	0.9998000199980002	Depleted
CSNK1D	PER1	13	13.0653	2.223315142534297	0.9950020282733653	-0.02937055514566723	0.5980401959804019	0.9998000199980002	Depleted
NPAS2	PER1	20	20.1716	2.512764381808181	0.9914929901445596	-0.06829132139978777	0.6036396360363964	0.9998000199980002	Depleted
NR1D1	TIMELESS	11	11.1855	2.118711552775504	0.9834160296812838	-0.0875532111754406	0.6279372062793721	0.9998000199980002	Depleted
RORA	TIMELESS	15	15.325	2.3725382807848177	0.9787928221859706	-0.1369840911028385	0.6344365563443656	0.9998000199980002	Depleted
CRY1	NR1D2	7	7.1672	1.869383218968742	0.9766715035160174	-0.08944126506722215	0.6367363263673632	0.9998000199980002	Depleted
NPAS2	TIMELESS	18	18.4033	2.456593697634903	0.9780854520656621	-0.16417041222090592	0.6398360163983602	0.9998000199980002	Depleted
CSNK1E	NR1D2	7	7.179	1.8537266870450524	0.9750661652040674	-0.09656223932630362	0.6403359664033597	0.9998000199980002	Depleted
CLOCK	NPAS2	18	18.4112	2.5056221531263296	0.9776657686625532	-0.16411093727238005	0.6406359364063594	0.9998000199980002	Depleted
NR1D2	RORB	8	8.2189	1.958102705840698	0.9733662655586515	-0.11179188882537008	0.6435356464353564	0.9998000199980002	Depleted
CSNK1E	PER2	15	15.3861	2.2455580694126596	0.9749059215785676	-0.17193944136166905	0.6554344565543445	0.9998000199980002	Depleted
CRY1	TIMELESS	12	12.4054	2.2403019294893105	0.9673206829284021	-0.18095775157075075	0.6575342465753424	0.9998000199980002	Depleted
RORB	RORC	13	13.4346	2.2666796473393336	0.9676506929867655	-0.1917341961005122	0.6584341565843416	0.9998000199980002	Depleted
NR1D1	RORA	10	10.365	2.078366416370335	0.964785335262904	-0.17561869607065594	0.6593340665933407	0.9998000199980002	Depleted
ARNTL	PER2	19	19.5417	2.4782807140293355	0.9722797914203984	-0.2185789515019349	0.6645335466453355	0.9998000199980002	Depleted
CRY1	RORB	10	10.6412	2.116390906956252	0.9397436379355713	-0.30296860466205633	0.7044295570442956	0.9998000199980002	Depleted
PER2	RORB	17	17.7917	2.3778302121160304	0.9555017227134002	-0.3329506017569964	0.7055294470552945	0.9998000199980002	Depleted
NR1D1	NR1D2	6	6.5266	1.8260410407732515	0.9193148040327276	-0.2883834416870539	0.7093290670932907	0.9998000199980002	Depleted
CRY2	RORA	11	11.8012	2.2174242392978623	0.9321085991255127	-0.361320123502256	0.7230276972302769	0.9998000199980002	Depleted
CRY2	RORC	11	12.0605	2.214256092461823	0.9120683222088637	-0.4789418909629957	0.7654234576542346	0.9998000199980002	Depleted
CRY1	CSNK1D	8	8.9834	2.0356175509857906	0.8905314246276466	-0.48309664038992367	0.7665233476652334	0.9998000199980002	Depleted
RORA	RORB	12	13.1597	2.284319969218887	0.911874890764987	-0.5076784406855906	0.7672232776722328	0.9998000199980002	Depleted
RORB	TIMELESS	13	14.2308	2.306656330349763	0.9135115383534306	-0.5335862060619024	0.7788221177882212	0.9998000199980002	Depleted
CSNK1E	PER3	12	13.2733	2.2197972565047466	0.9040705777764384	-0.5736109440935684	0.7835216478352165	0.9998000199980002	Depleted
CLOCK	NR1D1	10	11.178	2.130579718525852	0.8946144211844694	-0.5529011610112664	0.7863213678632137	0.9998000199980002	Depleted
CSNK1D	RORC	10	11.2889	2.1513483260416004	0.8858258997776577	-0.5991126515395706	0.797020297970203	0.9998000199980002	Depleted
ARNTL	CSNK1D	10	11.293	2.1369154500737917	0.8855042946958294	-0.6050777535233551	0.8001199880011999	0.9998000199980002	Depleted
NPAS2	NR1D1	11	12.3466	2.1809044166142266	0.8909335363581876	-0.6174502604247769	0.8014198580141986	0.9998000199980002	Depleted
CSNK1E	PER1	12	13.4478	2.228176751777945	0.8923392673894615	-0.649768919294552	0.8095190480951905	0.9998000199980002	Depleted
CRY1	CSNK1E	8	9.2839	2.018045599287608	0.8617068257951939	-0.6362096081739828	0.8182181781821818	0.9998000199980002	Depleted
CLOCK	PER2	19	20.8383	2.5221001583840583	0.9117826310207646	-0.728876683937018	0.8246175382461753	0.9998000199980002	Depleted
CLOCK	RORC	14	15.7009	2.358642726135299	0.8916686304606742	-0.7211350753350305	0.8254174582541746	0.9998000199980002	Depleted
CRY1	NR1D1	7	8.3833	1.9980941789702515	0.8349933796953467	-0.6923097092014476	0.8266173382661733	0.9998000199980002	Depleted
CSNK1E	NR1D1	7	8.4243	1.9932553315322319	0.8309295727834953	-0.7145597342539801	0.8358164183581642	0.9998000199980002	Depleted
CLOCK	CRY2	11	12.7721	2.2784382190596713	0.8612522607871845	-0.7777696077848268	0.842015798420158	0.9998000199980002	Depleted
ARNTL	CSNK1E	10	11.6816	2.1814897042463834	0.8560471168333106	-0.7708493864200585	0.8431156884311569	0.9998000199980002	Depleted
CRY1	CRY2	8	9.5988	2.0876001454868565	0.833437513022461	-0.765855474505698	0.845015498450155	0.9998000199980002	Depleted
CSNK1E	RORB	9	10.6639	2.126590940661342	0.8439689044345877	-0.7824259796209556	0.8477152284771523	0.9998000199980002	Depleted
NR1D1	RORB	8	9.6758	2.043064309114404	0.8268050187064635	-0.8202384978896726	0.8573142685731426	0.9998000199980002	Depleted
CSNK1D	TIMELESS	10	12.0002	2.1739992151007614	0.8333194446759221	-0.9200555299682082	0.8778122187781222	0.9998000199980002	Depleted
CLOCK	RORA	13	15.3051	2.368411899879907	0.8493900725901824	-0.9732682056347048	0.8822117788221178	0.9998000199980002	Depleted
NR1D2	RORA	7	8.8403	1.9570842924853258	0.7918283316177054	-0.9403274080049865	0.8892110788921108	0.9998000199980002	Depleted
ARNTL	RORA	12	14.4146	2.3331633472863644	0.8324892817004981	-1.0349039653860292	0.8949105089491051	0.9998000199980002	Depleted
ARNTL	NR1D2	7	9.0019	1.9749649208641313	0.7776136149035204	-1.0136382569894369	0.8985101489851015	0.9998000199980002	Depleted
CSNK1E	TIMELESS	10	12.3819	2.215884339116199	0.8076304928968898	-1.0749207248560706	0.9015098490150985	0.9998000199980002	Depleted
CLOCK	TIMELESS	14	16.6196	2.4087083732994246	0.8423788779513347	-1.087553823052351	0.9043095690430957	0.9998000199980002	Depleted
CRY1	PER1	11	13.475	2.2269869660810118	0.8163265306122449	-1.1113670792404475	0.9077092290770923	0.9998000199980002	Depleted
RORC	TIMELESS	13	15.6523	2.362956424969921	0.8305488650230317	-1.1224498141279784	0.9086091390860914	0.9998000199980002	Depleted
ARNTL	TIMELESS	13	15.6602	2.4034794842817226	0.8301298833986794	-1.1068120270620898	0.9087091290870913	0.9998000199980002	Depleted
NR1D1	RORC	8	10.577	2.1017404053005992	0.7563581355771958	-1.2261266869594332	0.9306069393060694	0.9998000199980002	Depleted
NPAS2	RORC	14	17.3451	2.475685539782706	0.8071443808337803	-1.3511812975623723	0.9387061293870613	0.9998000199980002	Depleted
NR1D1	PER2	11	13.8487	2.169580378299405	0.7942983817975695	-1.3130188807445393	0.9419058094190581	0.9998000199980002	Depleted
ARNTL	CLOCK	12	15.6564	2.4097966204589127	0.7664597225415805	-1.5173064685034243	0.9591040895910409	0.9998000199980002	Depleted
PER3	RORC	13	16.7788	2.450034862421902	0.7747872315064248	-1.5423454000424268	0.9617038296170383	0.9998000199980002	Depleted
ARNTL	RORC	11	14.7129	2.3232333785767487	0.7476432246531955	-1.5981605783722785	0.967003299670033	0.9998000199980002	Depleted
CRY1	RORC	8	11.6924	2.1647288155989677	0.6842051246963841	-1.7057101902985174	0.9734026597340266	0.9998000199980002	Depleted
RORA	RORC	10	14.4136	2.348124019007698	0.6937891990897486	-1.8796281475222758	0.9846015398460154	0.9998000199980002	Depleted
CSNK1D	RORA	7	11.0781	2.136178062725944	0.6318773074805247	-1.9090637017384207	0.9855014498550145	0.9998000199980002	Depleted
NPAS2	RORA	12	16.9781	2.4308869391913546	0.7067928684599571	-2.047853365675653	0.9875012498750125	0.9998000199980002	Depleted
CLOCK	CSNK1E	8	12.398	2.1960597140849294	0.6452653653815131	-2.002677783209821	0.9884011598840116	0.9998000199980002	Depleted
CSNK1E	RORC	7	11.6728	2.166520145522329	0.5996847371667466	-2.1568227785269123	0.9927007299270073	0.9998000199980002	Depleted
CSNK1E	RORA	6	11.4611	2.1660461596181553	0.5235099597769848	-2.5212297419195897	0.9977002299770023	0.9998000199980002	Depleted
ARNTL	NR1D1	4	10.5086	2.1047016455787007	0.38064061816036393	-3.0924098024403928	0.9998000199980002	0.9998000199980002	Depleted
