Gene1	Gene2	Observed_CoMutation	Burden_Adjusted_Expected	Observed_Expected_Ratio	Permutation_P	FDR	Direction
PER1	PER2	26	13.5287	1.9218402359428473	9.999000099990002e-05	0.011998800119988001	Enriched
PER2	PER3	26	13.5075	1.9248565611697206	0.00029997000299970003	0.011998800119988001	Enriched
NPAS2	PER3	25	13.4116	1.8640579796593992	0.00029997000299970003	0.011998800119988001	Enriched
NPAS2	PER2	25	13.4927	1.8528537653694221	0.0004999500049995	0.014998500149985002	Enriched
PER3	TIMELESS	23	13.4509	1.709922756098105	0.0014998500149985001	0.031996800319968	Enriched
PER2	TIMELESS	23	13.5028	1.7033504162099713	0.0015998400159984002	0.031996800319968	Enriched
PER2	RORC	23	13.5346	1.6993483368551712	0.0025997400259974	0.04456697187424114	Enriched
PER1	PER3	21	13.4853	1.5572512291161487	0.0110988901109889	0.16648335166483352	Enriched
PER1	TIMELESS	20	13.4582	1.4860828342571815	0.0212978702129787	0.24324840243248405	Enriched
PER3	RORB	20	13.4178	1.4905573193817168	0.022097790220977902	0.24324840243248405	Enriched
ARNTL	PER3	20	13.4094	1.4914910435962832	0.022297770222977704	0.24324840243248405	Enriched
CRY2	PER3	20	13.456	1.4863258026159334	0.025097490250974904	0.2473598793966757	Enriched
NPAS2	PER1	20	13.4441	1.4876414189123852	0.026797320267973202	0.2473598793966757	Enriched
NPAS2	RORB	19	13.4	1.417910447761194	0.044295570442955706	0.3041695830416959	Enriched
PER2	RORA	19	13.4735	1.4101755297435707	0.04459554044595541	0.3041695830416959	Enriched
CSNK1D	NPAS2	19	13.4343	1.4142902868031828	0.04559544045595441	0.3041695830416959	Enriched
CLOCK	PER1	19	13.4798	1.409516461668571	0.04709529047095291	0.3041695830416959	Enriched
ARNTL	PER1	19	13.4514	1.4124923799753186	0.04789521047895211	0.3041695830416959	Enriched
ARNTL	PER2	19	13.466	1.41096093866033	0.0481951804819518	0.3041695830416959	Enriched
CLOCK	PER2	19	13.5317	1.4041103482932669	0.05069493050694931	0.3041695830416959	Enriched
NPAS2	TIMELESS	18	13.4244	1.3408420488066506	0.08399160083991601	0.3848186609910437	Enriched
CLOCK	NPAS2	18	13.468	1.3365013365013365	0.08489151084891511	0.3848186609910437	Enriched
ARNTL	NPAS2	18	13.412	1.3420817178645987	0.08539146085391461	0.3848186609910437	Enriched
PER1	RORA	18	13.4376	1.339524915163422	0.08539146085391461	0.3848186609910437	Enriched
PER3	RORA	18	13.4442	1.3388673182487616	0.0882911708829117	0.3848186609910437	Enriched
CLOCK	RORB	18	13.4333	1.339953697155576	0.0892910708929107	0.3848186609910437	Enriched
CLOCK	PER3	18	13.4519	1.3381009374140456	0.0893910608939106	0.3848186609910437	Enriched
CRY2	PER2	18	13.5051	1.332829819845836	0.0897910208979102	0.3848186609910437	Enriched
CRY2	NPAS2	17	13.4383	1.2650409650030139	0.1498850114988501	0.5272615595583299	Enriched
PER1	RORC	17	13.4807	1.2610621110179738	0.15098490150984903	0.5272615595583299	Enriched
PER1	RORB	17	13.4229	1.2664923377213568	0.1511848815118488	0.5272615595583299	Enriched
CRY1	NPAS2	17	13.3976	1.2688839792201587	0.1513848615138486	0.5272615595583299	Enriched
CRY1	PER2	17	13.4769	1.2614176850759447	0.15178482151784822	0.5272615595583299	Enriched
CRY2	PER1	17	13.4775	1.2613615284733817	0.15258474152584742	0.5272615595583299	Enriched
PER2	RORB	17	13.4608	1.262926423392369	0.15378462153784622	0.5272615595583299	Enriched
CRY1	PER3	16	13.42	1.1922503725782414	0.23697630236976303	0.7773276726381416	Enriched
CSNK1E	NPAS2	16	13.4315	1.1912295722741317	0.23967603239676033	0.7773276726381416	Enriched
CSNK1D	PER2	16	13.5376	1.181893393215932	0.24847515248475152	0.7846583762676365	Enriched
RORA	TIMELESS	15	13.4087	1.1186766800659274	0.35266473352664734	1.0	Enriched
CSNK1D	PER3	15	13.4814	1.1126440874093195	0.35576442355764426	1.0	Enriched
NR1D2	PER2	15	13.5025	1.1109053878911312	0.35826417358264173	1.0	Enriched
CSNK1E	PER2	15	13.5261	1.1089671080355756	0.36436356364363565	1.0	Enriched
ARNTL	RORB	14	13.4002	1.0447605259622992	0.47795220477952205	1.0	Enriched
CRY2	TIMELESS	14	13.4458	1.0412173318062146	0.48385161483851613	1.0	Enriched
NPAS2	RORC	14	13.4621	1.0399566189524665	0.48555144485551444	1.0	Enriched
CLOCK	TIMELESS	14	13.4716	1.0392232548472342	0.48695130486951305	1.0	Enriched
CLOCK	CRY1	14	13.4615	1.0400029714370613	0.48995100489951005	1.0	Enriched
CLOCK	RORC	14	13.4823	1.0383984928387588	0.49195080491950804	1.0	Enriched
CRY2	RORB	13	13.4262	0.9682560962893447	0.6098390160983902	1.0	Depleted
ARNTL	CRY1	13	13.4454	0.9668734288306782	0.6133386661333866	1.0	Depleted
CLOCK	NR1D2	13	13.4727	0.9649142339694345	0.6159384061593841	1.0	Depleted
RORB	TIMELESS	13	13.4238	0.968429207824908	0.6164383561643836	1.0	Depleted
NR1D2	PER1	13	13.4702	0.9650933170999688	0.6195380461953804	1.0	Depleted
NR1D1	PER1	13	13.4472	0.9667440061871616	0.6214378562143785	1.0	Depleted
CSNK1D	PER1	13	13.4728	0.9649070720266018	0.6217378262173783	1.0	Depleted
ARNTL	CRY2	13	13.464	0.9655377302436126	0.6224377562243776	1.0	Depleted
RORB	RORC	13	13.481	0.9643201542912246	0.6225377462253775	1.0	Depleted
ARNTL	TIMELESS	13	13.452	0.9663990484686292	0.6227377262273772	1.0	Depleted
CLOCK	RORA	13	13.472	0.9649643705463183	0.623037696230377	1.0	Depleted
RORC	TIMELESS	13	13.4834	0.9641485085364226	0.6231376862313769	1.0	Depleted
PER3	RORC	13	13.4631	0.965602275850287	0.6252374762523748	1.0	Depleted
RORA	RORB	12	13.412	0.8947211452430659	0.7326267373262674	1.0	Depleted
NPAS2	RORA	12	13.4089	0.8949279955850219	0.7351264873512648	1.0	Depleted
ARNTL	RORA	12	13.3816	0.89675375141986	0.7358264173582642	1.0	Depleted
NR1D2	PER3	12	13.4267	0.8937415746236975	0.7372262773722628	1.0	Depleted
CSNK1E	PER1	12	13.4279	0.8936617043618139	0.7372262773722628	1.0	Depleted
CRY1	TIMELESS	12	13.4543	0.8919081631894636	0.738026197380262	1.0	Depleted
NPAS2	NR1D2	12	13.4408	0.8928039997619189	0.7393260673932607	1.0	Depleted
ARNTL	CLOCK	12	13.4881	0.8896731192680957	0.7399260073992601	1.0	Depleted
NR1D1	PER3	12	13.4374	0.8930299016178724	0.742025797420258	1.0	Depleted
CSNK1E	PER3	12	13.4931	0.889343442203793	0.742025797420258	1.0	Depleted
CSNK1D	RORB	12	13.4621	0.8913913876735428	0.7426257374262574	1.0	Depleted
CLOCK	CSNK1D	12	13.4733	0.8906503974527399	0.7426257374262574	1.0	Depleted
CRY1	RORA	12	13.4446	0.8925516564271158	0.7427257274272573	1.0	Depleted
CRY2	RORA	11	13.4161	0.8199104061538003	0.8346165383461653	1.0	Depleted
NPAS2	NR1D1	11	13.43	0.8190618019359642	0.8363163683631637	1.0	Depleted
NR1D1	PER2	11	13.4786	0.8161084979152138	0.8373162683731626	1.0	Depleted
CRY2	RORC	11	13.4687	0.8167083682909264	0.8375162483751625	1.0	Depleted
NR1D1	TIMELESS	11	13.4245	0.8193973704793475	0.8378162183781622	1.0	Depleted
CRY1	PER1	11	13.4595	0.8172666146587911	0.8387161283871613	1.0	Depleted
NR1D2	TIMELESS	11	13.4712	0.8165568026604906	0.8401159884011599	1.0	Depleted
ARNTL	RORC	11	13.4529	0.8176675661009895	0.843015698430157	1.0	Depleted
CSNK1D	CSNK1E	11	13.4911	0.8153523433967579	0.8442155784421558	1.0	Depleted
CLOCK	CRY2	11	13.4411	0.8183854000044639	0.8445155484451555	1.0	Depleted
CRY2	CSNK1D	11	13.4965	0.815026117882414	0.8465153484651535	1.0	Depleted
NR1D1	RORA	10	13.4479	0.7436105265506138	0.9108089191080891	1.0	Depleted
ARNTL	CSNK1D	10	13.4422	0.7439258454717234	0.9115088491150884	1.0	Depleted
CRY2	CSNK1E	10	13.4719	0.7422857948767435	0.9127087291270873	1.0	Depleted
CSNK1D	TIMELESS	10	13.4541	0.7432678514356218	0.9128087191280871	1.0	Depleted
CRY1	RORB	10	13.4442	0.7438151768048675	0.9129087091290871	1.0	Depleted
CLOCK	NR1D1	10	13.4651	0.7426606560664236	0.9132086791320868	1.0	Depleted
CSNK1E	TIMELESS	10	13.4734	0.7422031558478187	0.9139086091390861	1.0	Depleted
RORA	RORC	10	13.4331	0.7444298039916326	0.9154084591540846	1.0	Depleted
ARNTL	CSNK1E	10	13.4558	0.7431739472941037	0.9166083391660834	1.0	Depleted
CSNK1D	RORC	10	13.5228	0.7394918212204573	0.918008199180082	1.0	Depleted
CRY2	NR1D1	9	13.4488	0.6692046874070549	0.9558044195580442	1.0	Depleted
CSNK1E	RORB	9	13.4532	0.668985817500669	0.9558044195580442	1.0	Depleted
NR1D2	RORC	9	13.4806	0.6676260700562289	0.956904309569043	1.0	Depleted
CSNK1D	NR1D2	9	13.49	0.6671608598962194	0.9594040595940406	1.0	Depleted
CSNK1D	NR1D1	9	13.465	0.6683995544002971	0.9616038396160383	1.0	Depleted
NR1D2	RORB	8	13.4452	0.5950078838544611	0.98000199980002	1.0	Depleted
CRY1	RORC	8	13.4477	0.5948972686779153	0.98000199980002	1.0	Depleted
NR1D1	RORB	8	13.4195	0.596147397444018	0.9808019198080192	1.0	Depleted
CLOCK	CSNK1E	8	13.5053	0.5923600364301422	0.9813018698130187	1.0	Depleted
CRY1	CSNK1D	8	13.4701	0.5939079888048344	0.9815018498150185	1.0	Depleted
CRY1	CSNK1E	8	13.4564	0.5945126482565917	0.9819018098190181	1.0	Depleted
NR1D1	RORC	8	13.4656	0.594106463878327	0.9821017898210179	1.0	Depleted
CRY1	CRY2	8	13.4405	0.5952159517875079	0.9824017598240176	1.0	Depleted
CRY2	NR1D2	8	13.4838	0.5933045580622673	0.9827017298270173	1.0	Depleted
CSNK1D	RORA	7	13.4718	0.5196039133597589	0.9934006599340066	1.0	Depleted
CSNK1E	NR1D1	7	13.4645	0.5198856251624643	0.9936006399360064	1.0	Depleted
NR1D2	RORA	7	13.421	0.521570672826168	0.9937006299370063	1.0	Depleted
CRY1	NR1D1	7	13.4551	0.5202488275821064	0.9939006099390061	1.0	Depleted
CSNK1E	NR1D2	7	13.4869	0.5190221622463279	0.994000599940006	1.0	Depleted
CRY1	NR1D2	7	13.4529	0.5203339057006297	0.9941005899410059	1.0	Depleted
ARNTL	NR1D2	7	13.473	0.5195576337860907	0.9941005899410059	1.0	Depleted
CSNK1E	RORC	7	13.5122	0.5180503544944569	0.9949005099490051	1.0	Depleted
NR1D1	NR1D2	6	13.4566	0.4458778591917721	0.9979002099790021	1.0	Depleted
CSNK1E	RORA	6	13.4593	0.44578841395912117	0.9991000899910009	1.0	Depleted
ARNTL	NR1D1	4	13.4109	0.29826484426846817	1.0	1.0	Depleted
