Gene_A,Gene_B,Both_Mutated_n,Gene_A_Only_n,Gene_B_Only_n,Neither_Mutated_n,Odds_Ratio,Log2_Odds_Ratio,P_Value_Fisher,Tendency,FDR_q_Value,Statistical_Significance
ARNTL,PER3,35,70,157,1032,3.287,1.717,5.027184316179612e-07,Co-occurrence,6.032621179415534e-05,Significant (FDR < 0.05)
CRY2,PER3,30,68,162,1034,2.816,1.494,4.01129536355876e-05,Co-occurrence,0.0018683444654487766,Significant (FDR < 0.05)
ARNTL,RORA,24,81,105,1084,3.059,1.613,4.6708611636219415e-05,Co-occurrence,0.0018683444654487766,Significant (FDR < 0.05)
ARNTL,NR1D2,20,85,80,1109,3.262,1.706,6.374420318504608e-05,Co-occurrence,0.0019123260955513823,Significant (FDR < 0.05)
ARNTL,RORB,26,79,125,1064,2.801,1.486,8.778301601467679e-05,Co-occurrence,0.002106792384352243,Significant (FDR < 0.05)
ARNTL,CSNK1D,16,89,59,1130,3.443,1.784,0.00017266268648969606,Co-occurrence,0.0031354070264861837,Significant (FDR < 0.05)
ARNTL,NPAS2,27,78,140,1049,2.594,1.375,0.00019376437099385063,Co-occurrence,0.0031354070264861837,Significant (FDR < 0.05)
ARNTL,CRY1,19,86,81,1108,3.022,1.596,0.00020902713509907893,Co-occurrence,0.0031354070264861837,Significant (FDR < 0.05)
CRY1,CSNK1D,15,85,60,1134,3.335,1.738,0.0003438979903858561,Co-occurrence,0.004294901839625874,Significant (FDR < 0.05)
NR1D2,PER3,28,72,164,1030,2.442,1.288,0.0003579084866354895,Co-occurrence,0.004294901839625874,Significant (FDR < 0.05)
CLOCK,NR1D2,24,132,76,1062,2.541,1.345,0.0005816052790444648,Co-occurrence,0.005905373909301945,Significant (FDR < 0.05)
CSNK1D,NR1D1,13,62,70,1149,3.442,1.783,0.0005905373909301945,Co-occurrence,0.005905373909301945,Significant (FDR < 0.05)
PER1,PER3,43,141,149,961,1.967,0.976,0.0010528605418052652,Co-occurrence,0.009718712693587064,Significant (FDR < 0.05)
CSNK1D,NR1D2,14,61,86,1133,3.024,1.596,0.001155209509377355,Co-occurrence,0.009901795794663043,Significant (FDR < 0.05)
CSNK1E,PER2,23,66,154,1051,2.378,1.25,0.0012631065528885585,Co-occurrence,0.010025581242859252,Significant (FDR < 0.05)
NR1D2,PER2,25,75,152,1042,2.285,1.192,0.001336744165714567,Co-occurrence,0.010025581242859252,Significant (FDR < 0.05)
ARNTL,CLOCK,24,81,132,1057,2.373,1.246,0.0014277034969872471,Co-occurrence,0.010077907037557038,Significant (FDR < 0.05)
NPAS2,PER2,37,130,140,987,2.007,1.005,0.0015282656977182105,Co-occurrence,0.01018843798478807,Significant (FDR < 0.05)
CSNK1D,RORB,18,57,133,1086,2.579,1.367,0.0022978212602316047,Co-occurrence,0.014512555327778556,Significant (FDR < 0.05)
ARNTL,PER1,26,79,158,1031,2.148,1.103,0.003102642346216178,Co-occurrence,0.018297069161565826,Significant (FDR < 0.05)
PER3,RORB,35,157,116,986,1.895,0.922,0.0033486977842632918,Co-occurrence,0.018297069161565826,Significant (FDR < 0.05)
NPAS2,PER3,38,129,154,973,1.861,0.896,0.0033544626796204015,Co-occurrence,0.018297069161565826,Significant (FDR < 0.05)
CRY1,PER2,24,76,153,1041,2.149,1.103,0.003571594918896079,Co-occurrence,0.018634408272501284,Significant (FDR < 0.05)
PER3,RORA,31,161,98,1004,1.973,0.98,0.003739607592826469,Co-occurrence,0.018698037964132344,Significant (FDR < 0.05)
PER2,RORA,29,148,100,1017,1.993,0.995,0.004172591351662119,Co-occurrence,0.02002843848797817,Significant (FDR < 0.05)
CRY1,RORA,19,81,110,1084,2.312,1.209,0.004533673165268195,Co-occurrence,0.020153654727155128,Significant (FDR < 0.05)
CRY1,NPAS2,23,77,144,1050,2.178,1.123,0.004534572313609903,Co-occurrence,0.020153654727155128,Significant (FDR < 0.05)
CRY1,PER3,25,75,167,1027,2.05,1.036,0.005030124428634874,Co-occurrence,0.021557676122720887,Significant (FDR < 0.05)
CLOCK,CRY2,21,135,77,1061,2.143,1.1,0.005575778505543142,Co-occurrence,0.023072186919488865,Significant (FDR < 0.05)
PER2,PER3,39,138,153,964,1.781,0.832,0.00600254465751485,Co-occurrence,0.0240101786300594,Significant (FDR < 0.05)
NPAS2,RORA,27,140,102,1025,1.938,0.955,0.007891408201843593,Co-occurrence,0.030547386587781653,Significant (FDR < 0.05)
CLOCK,CSNK1D,17,139,58,1080,2.277,1.187,0.00906184542094059,Co-occurrence,0.03398192032852721,Significant (FDR < 0.05)
CRY2,PER2,22,76,155,1041,1.944,0.959,0.01355516180267916,Co-occurrence,0.048919447727667514,Significant (FDR < 0.05)
CSNK1D,PER2,18,57,159,1060,2.105,1.074,0.013860510189505796,Co-occurrence,0.048919447727667514,Significant (FDR < 0.05)
ARNTL,PER2,23,82,154,1035,1.885,0.915,0.016731721319417636,Co-occurrence,0.05736590166657475,Nominally Significant (P < 0.05)
CRY2,CSNK1E,13,85,76,1120,2.254,1.172,0.01939371931025534,Co-occurrence,0.06464573103418447,Nominally Significant (P < 0.05)
PER2,RORC,27,150,103,1014,1.772,0.825,0.021175204958691025,Co-occurrence,0.06867634040656549,Nominally Significant (P < 0.05)
NR1D2,RORB,19,81,132,1062,1.887,0.916,0.022845114112133285,Co-occurrence,0.07214246561726301,Nominally Significant (P < 0.05)
CRY2,CSNK1D,11,87,64,1132,2.236,1.161,0.023992930980811837,Co-occurrence,0.07382440301788258,Nominally Significant (P < 0.05)
ARNTL,CSNK1E,13,92,76,1113,2.069,1.049,0.02671003079861209,Co-occurrence,0.08013009239583627,Nominally Significant (P < 0.05)
CRY1,NR1D2,14,86,86,1108,2.097,1.069,0.029069237753453374,Co-occurrence,0.08508069586376597,Nominally Significant (P < 0.05)
ARNTL,CRY2,14,91,84,1105,2.024,1.017,0.031600707959860024,Co-occurrence,0.09016375027261338,Nominally Significant (P < 0.05)
CSNK1D,CSNK1E,10,65,79,1140,2.22,1.151,0.03230867718101979,Co-occurrence,0.09016375027261338,Nominally Significant (P < 0.05)
CLOCK,PER2,30,126,147,991,1.605,0.683,0.035013391018902856,Co-occurrence,0.0954910664151896,Nominally Significant (P < 0.05)
CSNK1D,PER1,17,58,167,1052,1.846,0.885,0.03978167719035699,Co-occurrence,0.10608447250761863,Nominally Significant (P < 0.05)
CRY2,NR1D2,13,85,87,1109,1.95,0.963,0.046179636750885045,Co-occurrence,0.12046861761100447,Nominally Significant (P < 0.05)
PER1,PER2,34,150,143,967,1.533,0.616,0.04845775912122985,Co-occurrence,0.12372193818186344,Nominally Significant (P < 0.05)
CRY1,RORB,18,82,133,1061,1.751,0.808,0.050358483710811294,Co-occurrence,0.12589620927702824,Not Significant
CLOCK,NPAS2,28,128,139,999,1.572,0.653,0.05527712195255408,Co-occurrence,0.13537254355727532,Not Significant
CRY1,NR1D1,11,89,72,1122,1.926,0.946,0.05712469591124068,Co-occurrence,0.13709927018697762,Not Significant
CRY1,CSNK1E,12,88,77,1117,1.978,0.984,0.05989546868094038,Co-occurrence,0.1383862447503476,Not Significant
NPAS2,TIMELESS,37,130,182,945,1.478,0.563,0.05996737272515064,Co-occurrence,0.1383862447503476,Not Significant
CLOCK,PER3,31,125,161,977,1.505,0.59,0.07085049528030367,Co-occurrence,0.16041621572898943,Not Significant
NR1D2,RORA,15,85,114,1080,1.672,0.741,0.08355523042462405,Co-occurrence,0.18250347315609544,Not Significant
CLOCK,RORA,22,134,107,1031,1.582,0.662,0.08556869137683738,Co-occurrence,0.18250347315609544,Not Significant
PER1,RORC,25,159,105,1005,1.505,0.59,0.0863989034409669,Co-occurrence,0.18250347315609544,Not Significant
CSNK1E,PER3,19,70,173,1032,1.619,0.695,0.08771500970140772,Co-occurrence,0.18250347315609544,Not Significant
NR1D1,RORC,13,70,117,1094,1.737,0.796,0.08821001202544612,Co-occurrence,0.18250347315609544,Not Significant
NPAS2,RORB,26,141,125,1002,1.478,0.564,0.09430198777050147,Co-occurrence,0.19180065309254535,Not Significant
CSNK1E,NR1D2,11,78,89,1116,1.768,0.822,0.09858878565122328,Co-occurrence,0.19717757130244656,Not Significant
CSNK1D,RORC,12,63,118,1101,1.777,0.83,0.10912846251500771,Co-occurrence,0.2146789426524742,Not Significant
NPAS2,NR1D2,18,149,82,1045,1.54,0.622,0.12042712167608663,Co-occurrence,0.23308475163113543,Not Significant
CRY2,PER1,19,79,165,1031,1.503,0.588,0.1327890434709118,Co-occurrence,0.25293151137316533,Not Significant
CLOCK,RORB,24,132,127,1011,1.447,0.533,0.14232545564406768,Co-occurrence,0.2668602293326269,Not Significant
CLOCK,CRY1,17,139,83,1055,1.555,0.637,0.14783412653777503,Co-occurrence,0.27292454130050775,Not Significant
RORA,RORB,20,109,131,1034,1.448,0.534,0.15016173978710015,Co-occurrence,0.2730213450674548,Not Significant
CSNK1D,NPAS2,14,61,153,1066,1.599,0.677,0.15277866756914651,Co-occurrence,0.27363343445220273,Not Significant
NR1D2,RORC,14,86,116,1078,1.513,0.597,0.16750521415636335,Co-occurrence,0.29559743674652356,Not Significant
NPAS2,NR1D1,15,152,68,1059,1.537,0.62,0.17325618043112384,Co-occurrence,0.29764682152004335,Not Significant
ARNTL,TIMELESS,23,82,196,993,1.421,0.507,0.17362731255335861,Co-occurrence,0.29764682152004335,Not Significant
CRY1,PER1,19,81,165,1029,1.463,0.549,0.17808519501156317,Co-occurrence,0.3009890619913744,Not Significant
CSNK1D,PER3,15,60,177,1042,1.472,0.558,0.18432357339083352,Co-occurrence,0.3072059556513892,Not Significant
CSNK1E,PER1,17,72,167,1038,1.468,0.553,0.2062485633573579,Co-occurrence,0.332506712827448,Not Significant
PER2,RORB,26,151,125,992,1.366,0.45,0.20655814153890167,Co-occurrence,0.332506712827448,Not Significant
CRY2,NPAS2,17,81,150,1046,1.464,0.549,0.20781669551715498,Co-occurrence,0.332506712827448,Not Significant
CSNK1E,RORB,14,75,137,1068,1.455,0.541,0.22957988232361648,Co-occurrence,0.3602704239566293,Not Significant
PER1,RORA,23,161,106,1004,1.353,0.436,0.23117352203883712,Co-occurrence,0.3602704239566293,Not Significant
PER3,RORC,24,168,106,996,1.342,0.425,0.2408608452357054,Co-occurrence,0.37055514651646987,Not Significant
NR1D1,PER2,15,68,162,1049,1.428,0.514,0.2462701684771314,Co-occurrence,0.37408126857285784,Not Significant
RORC,TIMELESS,17,113,202,962,0.716,-0.481,0.26655070395768915,Mutual Exclusivity,0.39982605593653375,Not Significant
NR1D1,NR1D2,9,74,91,1120,1.497,0.582,0.2846250502911255,Co-occurrence,0.4216667411720378,Not Significant
CRY2,RORA,13,85,116,1080,1.424,0.51,0.2900001618358659,Co-occurrence,0.4243904807354135,Not Significant
NR1D2,PER1,18,82,166,1028,1.359,0.443,0.2952402353813254,Co-occurrence,0.4268533523585427,Not Significant
CRY1,CRY2,10,90,88,1106,1.396,0.482,0.3254960294857917,Co-occurrence,0.4649943278368453,Not Significant
CLOCK,PER1,26,130,158,980,1.241,0.311,0.33091099789835676,Co-occurrence,0.46716846762120956,Not Significant
NPAS2,PER1,28,139,156,971,1.254,0.326,0.341627478210468,Co-occurrence,0.4766895044797228,Not Significant
CSNK1E,NR1D1,3,86,80,1125,0.491,-1.028,0.3651340594746505,Mutual Exclusivity,0.5036331854822765,Not Significant
ARNTL,RORC,13,92,117,1072,1.295,0.373,0.3973489388353819,Co-occurrence,0.5418394620482481,Not Significant
CRY1,TIMELESS,20,80,199,995,1.25,0.322,0.4047568453789139,Co-occurrence,0.5457395668030299,Not Significant
CRY2,RORB,14,84,137,1059,1.288,0.365,0.4122642220469305,Co-occurrence,0.5496856293959073,Not Significant
CSNK1E,RORA,11,78,118,1087,1.299,0.378,0.46124542596198054,Co-occurrence,0.6078611877930044,Not Significant
PER3,TIMELESS,36,156,183,919,1.159,0.213,0.46602691064130336,Co-occurrence,0.6078611877930044,Not Significant
CLOCK,RORC,18,138,112,1026,1.195,0.257,0.47981303427448185,Co-occurrence,0.6191135926122346,Not Significant
NR1D1,PER1,14,69,170,1041,1.242,0.313,0.5146257526494943,Co-occurrence,0.6569690459355246,Not Significant
PER1,RORB,24,160,127,983,1.161,0.215,0.5355591131204525,Co-occurrence,0.676495721836361,Not Significant
CLOCK,TIMELESS,29,127,190,948,1.139,0.188,0.5692386282898207,Co-occurrence,0.7095815788161954,Not Significant
NR1D2,TIMELESS,19,81,200,994,1.166,0.221,0.5785831627347702,Co-occurrence,0.7095815788161954,Not Significant
NPAS2,RORC,19,148,111,1016,1.175,0.233,0.5805340334375086,Co-occurrence,0.7095815788161954,Not Significant
CSNK1E,RORC,7,82,123,1082,0.751,-0.413,0.5854048025233612,Mutual Exclusivity,0.7095815788161954,Not Significant
PER1,TIMELESS,28,156,191,919,0.864,-0.212,0.5954987779044788,Mutual Exclusivity,0.7145985334853745,Not Significant
CLOCK,CSNK1E,12,144,77,1061,1.148,0.199,0.6153232769159347,Co-occurrence,0.7310771606921996,Not Significant
NR1D1,PER3,14,69,178,1033,1.177,0.236,0.631290754451638,Co-occurrence,0.7414842951266619,Not Significant
CSNK1D,TIMELESS,14,61,205,1014,1.135,0.183,0.6364406866503849,Co-occurrence,0.7414842951266619,Not Significant
CSNK1E,TIMELESS,13,76,206,999,0.83,-0.27,0.6604536868005748,Mutual Exclusivity,0.7615255795350891,Not Significant
PER2,TIMELESS,32,145,187,930,1.098,0.134,0.666334882093203,Co-occurrence,0.7615255795350891,Not Significant
CRY2,TIMELESS,18,80,201,995,1.114,0.155,0.6750613247453099,Co-occurrence,0.7642203676361998,Not Significant
NR1D1,RORA,9,74,120,1091,1.106,0.145,0.7073938907752036,Co-occurrence,0.7933389429254619,Not Significant
CLOCK,NR1D1,11,145,72,1066,1.123,0.168,0.7271432920227641,Co-occurrence,0.8079369911364046,Not Significant
NR1D1,TIMELESS,15,68,204,1007,1.089,0.123,0.762574488118323,Co-occurrence,0.8395315465522822,Not Significant
RORB,RORC,16,135,114,1029,1.07,0.097,0.7741726296859321,Co-occurrence,0.8445519596573805,Not Significant
CSNK1D,RORA,8,67,121,1098,1.084,0.116,0.8419895747276529,Co-occurrence,0.9102589997055708,Not Significant
CRY1,RORC,9,91,121,1073,0.877,-0.189,0.8627723617164068,Mutual Exclusivity,0.9236131323760675,Not Significant
CSNK1E,NPAS2,12,77,155,1050,1.056,0.078,0.8697356996541301,Co-occurrence,0.9236131323760675,Not Significant
RORA,RORC,12,117,118,1047,0.91,-0.136,0.877821390895281,Mutual Exclusivity,0.9240225167318746,Not Significant
RORB,TIMELESS,26,125,193,950,1.024,0.034,0.9082552358134848,Co-occurrence,0.9477445938923319,Not Significant
ARNTL,NR1D1,6,99,77,1112,0.875,-0.192,1.0,Mutual Exclusivity,1.0,Not Significant
NR1D1,RORB,9,74,142,1069,0.916,-0.127,1.0,Mutual Exclusivity,1.0,Not Significant
CRY2,NR1D1,6,92,77,1119,0.948,-0.077,1.0,Mutual Exclusivity,1.0,Not Significant
CRY2,RORC,10,88,120,1076,1.019,0.027,1.0,Co-occurrence,1.0,Not Significant
RORA,TIMELESS,22,107,197,968,1.01,0.015,1.0,Co-occurrence,1.0,Not Significant
