Gene A,Gene B,Both Mutated n,Gene A Only n,Gene B Only n,Neither Mutated n,Odds Ratio,Log2 Odds Ratio,Unadjusted Fisher P,Unadjusted Fisher FDR,Unadjusted Significance,Permutation Observed/Expected Ratio,Permutation TMB-Adjusted FDR,Permutation TMB-Adjusted Significance
ARNTL,PER3,35,70,157,1032,3.287,1.717,5.027184316179612e-07,6.032621179415534e-05,Significant (FDR < 0.05),0.8217827206486605,1.0,Not Significant (FDR >= 0.05)
CRY2,PER3,30,68,162,1034,2.816,1.494,4.01129536355876e-05,0.0018683444654487,Significant (FDR < 0.05),1.481544192346766,1.0,Not Significant (FDR >= 0.05)
ARNTL,RORA,24,81,105,1084,3.059,1.613,4.670861163621942e-05,0.0018683444654487,Significant (FDR < 0.05),0.6710058377507885,1.0,Not Significant (FDR >= 0.05)
ARNTL,NR1D2,20,85,80,1109,3.262,1.706,6.374420318504608e-05,0.0019123260955513,Significant (FDR < 0.05),1.1860989206499823,1.0,Not Significant (FDR >= 0.05)
ARNTL,RORB,26,79,125,1064,2.801,1.486,8.778301601467679e-05,0.0021067923843522,Significant (FDR < 0.05),1.1976047904191618,1.0,Not Significant (FDR >= 0.05)
ARNTL,CSNK1D,16,89,59,1130,3.443,1.784,0.0001726626864896,0.0031354070264861,Significant (FDR < 0.05),0.8581481163648845,1.0,Not Significant (FDR >= 0.05)
ARNTL,NPAS2,27,78,140,1049,2.594,1.375,0.0001937643709938,0.0031354070264861,Significant (FDR < 0.05),1.4982395685070042,1.0,Not Significant (FDR >= 0.05)
ARNTL,CRY1,19,86,81,1108,3.022,1.596,0.000209027135099,0.0031354070264861,Significant (FDR < 0.05),0.0,1.0,Not Significant (FDR >= 0.05)
CRY1,CSNK1D,15,85,60,1134,3.335,1.738,0.0003438979903858,0.0042949018396258,Significant (FDR < 0.05),0.6572893387669252,1.0,Not Significant (FDR >= 0.05)
NR1D2,PER3,28,72,164,1030,2.442,1.288,0.0003579084866354,0.0042949018396258,Significant (FDR < 0.05),0.3809233582203261,1.0,Not Significant (FDR >= 0.05)
CLOCK,NR1D2,24,132,76,1062,2.541,1.345,0.0005816052790444,0.0059053739093019,Significant (FDR < 0.05),1.8014772113132769,1.0,Not Significant (FDR >= 0.05)
CSNK1D,NR1D1,13,62,70,1149,3.442,1.783,0.0005905373909301,0.0059053739093019,Significant (FDR < 0.05),2.359882005899705,1.0,Not Significant (FDR >= 0.05)
PER1,PER3,43,141,149,961,1.967,0.976,0.0010528605418052,0.009718712693587,Significant (FDR < 0.05),1.0317939949589494,1.0,Not Significant (FDR >= 0.05)
CSNK1D,NR1D2,14,61,86,1133,3.024,1.596,0.0011552095093773,0.009901795794663,Significant (FDR < 0.05),1.209482341557813,1.0,Not Significant (FDR >= 0.05)
CSNK1E,PER2,23,66,154,1051,2.378,1.25,0.0012631065528885,0.0100255812428592,Significant (FDR < 0.05),0.9981036031540074,1.0,Not Significant (FDR >= 0.05)
NR1D2,PER2,25,75,152,1042,2.285,1.192,0.0013367441657145,0.0100255812428592,Significant (FDR < 0.05),0.9349726520499276,1.0,Not Significant (FDR >= 0.05)
ARNTL,CLOCK,24,81,132,1057,2.373,1.246,0.0014277034969872,0.010077907037557,Significant (FDR < 0.05),1.2815036309269543,1.0,Not Significant (FDR >= 0.05)
NPAS2,PER2,37,130,140,987,2.007,1.005,0.0015282656977182,0.010188437984788,Significant (FDR < 0.05),1.0223306217230652,1.0,Not Significant (FDR >= 0.05)
CSNK1D,RORB,18,57,133,1086,2.579,1.367,0.0022978212602316,0.0145125553277785,Significant (FDR < 0.05),1.782637114504724,1.0,Not Significant (FDR >= 0.05)
ARNTL,PER1,26,79,158,1031,2.148,1.103,0.0031026423462161,0.0182970691615658,Significant (FDR < 0.05),0.465809577044904,1.0,Not Significant (FDR >= 0.05)
PER3,RORB,35,157,116,986,1.895,0.922,0.0033486977842632,0.0182970691615658,Significant (FDR < 0.05),1.5319507477834586,1.0,Not Significant (FDR >= 0.05)
NPAS2,PER3,38,129,154,973,1.861,0.896,0.0033544626796204,0.0182970691615658,Significant (FDR < 0.05),1.1925205113527952,1.0,Not Significant (FDR >= 0.05)
CRY1,PER2,24,76,153,1041,2.149,1.103,0.003571594918896,0.0186344082725012,Significant (FDR < 0.05),1.549426712116517,1.0,Not Significant (FDR >= 0.05)
PER3,RORA,31,161,98,1004,1.973,0.98,0.0037396075928264,0.0186980379641323,Significant (FDR < 0.05),0.8501774745478118,1.0,Not Significant (FDR >= 0.05)
PER2,RORA,29,148,100,1017,1.993,0.995,0.0041725913516621,0.0200284384879781,Significant (FDR < 0.05),1.547029702970297,1.0,Not Significant (FDR >= 0.05)
CRY1,RORA,19,81,110,1084,2.312,1.209,0.0045336731652681,0.0201536547271551,Significant (FDR < 0.05),0.5172235440157236,1.0,Not Significant (FDR >= 0.05)
CRY1,NPAS2,23,77,144,1050,2.178,1.123,0.0045345723136099,0.0201536547271551,Significant (FDR < 0.05),0.5835667600373483,1.0,Not Significant (FDR >= 0.05)
CRY1,PER3,25,75,167,1027,2.05,1.036,0.0050301244286348,0.0215576761227208,Significant (FDR < 0.05),1.690938682336032,0.8099190080991902,Not Significant (FDR >= 0.05)
CLOCK,CRY2,21,135,77,1061,2.143,1.1,0.0055757785055431,0.0230721869194888,Significant (FDR < 0.05),1.3392707670673318,1.0,Not Significant (FDR >= 0.05)
PER2,PER3,39,138,153,964,1.781,0.832,0.0060025446575148,0.0240101786300594,Significant (FDR < 0.05),0.9566631589017508,1.0,Not Significant (FDR >= 0.05)
NPAS2,RORA,27,140,102,1025,1.938,0.955,0.0078914082018435,0.0305473865877816,Significant (FDR < 0.05),1.168770453482936,1.0,Not Significant (FDR >= 0.05)
CLOCK,CSNK1D,17,139,58,1080,2.277,1.187,0.0090618454209405,0.0339819203285272,Significant (FDR < 0.05),0.855395406526667,1.0,Not Significant (FDR >= 0.05)
CRY2,PER2,22,76,155,1041,1.944,0.959,0.0135551618026791,0.0489194477276675,Significant (FDR < 0.05),0.7791600654494455,1.0,Not Significant (FDR >= 0.05)
CSNK1D,PER2,18,57,159,1060,2.105,1.074,0.0138605101895057,0.0489194477276675,Significant (FDR < 0.05),0.3359763472651525,1.0,Not Significant (FDR >= 0.05)
ARNTL,PER2,23,82,154,1035,1.885,0.915,0.0167317213194176,0.0573659016665747,Nominally Significant (P < 0.05),0.3334222459322485,1.0,Not Significant (FDR >= 0.05)
CRY2,CSNK1E,13,85,76,1120,2.254,1.172,0.0193937193102553,0.0646457310341844,Nominally Significant (P < 0.05),1.332356272067151,1.0,Not Significant (FDR >= 0.05)
PER2,RORC,27,150,103,1014,1.772,0.825,0.021175204958691,0.0686763404065654,Nominally Significant (P < 0.05),1.1665208515602217,1.0,Not Significant (FDR >= 0.05)
NR1D2,RORB,19,81,132,1062,1.887,0.916,0.0228451141121332,0.072142465617263,Nominally Significant (P < 0.05),0.830702774547267,1.0,Not Significant (FDR >= 0.05)
CRY2,CSNK1D,11,87,64,1132,2.236,1.161,0.0239929309808118,0.0738244030178825,Nominally Significant (P < 0.05),1.3128528291978467,1.0,Not Significant (FDR >= 0.05)
ARNTL,CSNK1E,13,92,76,1113,2.069,1.049,0.026710030798612,0.0801300923958362,Nominally Significant (P < 0.05),2.5523226135783563,1.0,Not Significant (FDR >= 0.05)
CRY1,NR1D2,14,86,86,1108,2.097,1.069,0.0290692377534533,0.0850806958637659,Nominally Significant (P < 0.05),0.9353661958656816,1.0,Not Significant (FDR >= 0.05)
ARNTL,CRY2,14,91,84,1105,2.024,1.017,0.03160070795986,0.0901637502726133,Nominally Significant (P < 0.05),0.6639665360865813,1.0,Not Significant (FDR >= 0.05)
CSNK1D,CSNK1E,10,65,79,1140,2.22,1.151,0.0323086771810197,0.0901637502726133,Nominally Significant (P < 0.05),1.7024174327545114,1.0,Not Significant (FDR >= 0.05)
CLOCK,PER2,30,126,147,991,1.605,0.683,0.0350133910189028,0.0954910664151896,Nominally Significant (P < 0.05),0.8338336335134413,1.0,Not Significant (FDR >= 0.05)
CSNK1D,PER1,17,58,167,1052,1.846,0.885,0.0397816771903569,0.1060844725076186,Nominally Significant (P < 0.05),0.9262689885142646,1.0,Not Significant (FDR >= 0.05)
CRY2,NR1D2,13,85,87,1109,1.95,0.963,0.046179636750885,0.1204686176110044,Nominally Significant (P < 0.05),0.9384384384384384,1.0,Not Significant (FDR >= 0.05)
PER1,PER2,34,150,143,967,1.533,0.616,0.0484577591212298,0.1237219381818634,Nominally Significant (P < 0.05),1.0755965078966712,1.0,Not Significant (FDR >= 0.05)
CRY1,RORB,18,82,133,1061,1.751,0.808,0.0503584837108112,0.1258962092770282,Not Significant,0.4679457182966776,1.0,Not Significant (FDR >= 0.05)
CLOCK,NPAS2,28,128,139,999,1.572,0.653,0.055277121952554,0.1353725435572753,Not Significant,1.133058881293198,1.0,Not Significant (FDR >= 0.05)
CRY1,NR1D1,11,89,72,1122,1.926,0.946,0.0571246959112406,0.1370992701869776,Not Significant,1.8688095683049897,1.0,Not Significant (FDR >= 0.05)
CRY1,CSNK1E,12,88,77,1117,1.978,0.984,0.0598954686809403,0.1383862447503476,Not Significant,1.332622601279318,1.0,Not Significant (FDR >= 0.05)
NPAS2,TIMELESS,37,130,182,945,1.478,0.563,0.0599673727251506,0.1383862447503476,Not Significant,1.308429557423702,1.0,Not Significant (FDR >= 0.05)
CLOCK,PER3,31,125,161,977,1.505,0.59,0.0708504952803036,0.1604162157289894,Not Significant,1.5041500868304822,0.8099190080991902,Not Significant (FDR >= 0.05)
NR1D2,RORA,15,85,114,1080,1.672,0.741,0.083555230424624,0.1825034731560954,Not Significant,0.0,1.0,Not Significant (FDR >= 0.05)
CLOCK,RORA,22,134,107,1031,1.582,0.662,0.0855686913768373,0.1825034731560954,Not Significant,0.6629321488945606,1.0,Not Significant (FDR >= 0.05)
PER1,RORC,25,159,105,1005,1.505,0.59,0.0863989034409669,0.1825034731560954,Not Significant,0.8105041335710812,1.0,Not Significant (FDR >= 0.05)
CSNK1E,PER3,19,70,173,1032,1.619,0.695,0.0877150097014077,0.1825034731560954,Not Significant,1.3613591810063166,1.0,Not Significant (FDR >= 0.05)
NR1D1,RORC,13,70,117,1094,1.737,0.796,0.0882100120254461,0.1825034731560954,Not Significant,1.0595465140919686,1.0,Not Significant (FDR >= 0.05)
NPAS2,RORB,26,141,125,1002,1.478,0.564,0.0943019877705014,0.1918006530925453,Not Significant,1.3101008777675882,1.0,Not Significant (FDR >= 0.05)
CSNK1E,NR1D2,11,78,89,1116,1.768,0.822,0.0985887856512232,0.1971775713024465,Not Significant,0.0,1.0,Not Significant (FDR >= 0.05)
CSNK1D,RORC,12,63,118,1101,1.777,0.83,0.1091284625150077,0.2146789426524742,Not Significant,0.7472724555372888,1.0,Not Significant (FDR >= 0.05)
NPAS2,NR1D2,18,149,82,1045,1.54,0.622,0.1204271216760866,0.2330847516311354,Not Significant,1.040474456352097,1.0,Not Significant (FDR >= 0.05)
CRY2,PER1,19,79,165,1031,1.503,0.588,0.1327890434709118,0.2529315113731653,Not Significant,2.1524663677130045,0.8099190080991902,Not Significant (FDR >= 0.05)
CLOCK,RORB,24,132,127,1011,1.447,0.533,0.1423254556440676,0.2668602293326269,Not Significant,1.4899576852017402,1.0,Not Significant (FDR >= 0.05)
CLOCK,CRY1,17,139,83,1055,1.555,0.637,0.147834126537775,0.2729245413005077,Not Significant,1.9947471657967355,0.9863013698630138,Not Significant (FDR >= 0.05)
RORA,RORB,20,109,131,1034,1.448,0.534,0.1501617397871001,0.2730213450674548,Not Significant,0.9314889851427508,1.0,Not Significant (FDR >= 0.05)
CSNK1D,NPAS2,14,61,153,1066,1.599,0.677,0.1527786675691465,0.2736334344522027,Not Significant,1.4971740839166074,1.0,Not Significant (FDR >= 0.05)
NR1D2,RORC,14,86,116,1078,1.513,0.597,0.1675052141563633,0.2955974367465235,Not Significant,0.0,1.0,Not Significant (FDR >= 0.05)
NPAS2,NR1D1,15,152,68,1059,1.537,0.62,0.1732561804311238,0.2976468215200433,Not Significant,1.5727391874180865,1.0,Not Significant (FDR >= 0.05)
ARNTL,TIMELESS,23,82,196,993,1.421,0.507,0.1736273125533586,0.2976468215200433,Not Significant,1.490979573579842,1.0,Not Significant (FDR >= 0.05)
CRY1,PER1,19,81,165,1029,1.463,0.549,0.1780851950115631,0.3009890619913744,Not Significant,1.081938834391229,1.0,Not Significant (FDR >= 0.05)
CSNK1D,PER3,15,60,177,1042,1.472,0.558,0.1843235733908335,0.3072059556513892,Not Significant,1.0949005009169792,1.0,Not Significant (FDR >= 0.05)
CSNK1E,PER1,17,72,167,1038,1.468,0.553,0.2062485633573579,0.332506712827448,Not Significant,1.3874757191749143,1.0,Not Significant (FDR >= 0.05)
PER2,RORB,26,151,125,992,1.366,0.45,0.2065581415389016,0.332506712827448,Not Significant,0.2334485012606219,0.8099190080991902,Not Significant (FDR >= 0.05)
CRY2,NPAS2,17,81,150,1046,1.464,0.549,0.2078166955171549,0.332506712827448,Not Significant,0.8787346221441125,1.0,Not Significant (FDR >= 0.05)
CSNK1E,RORB,14,75,137,1068,1.455,0.541,0.2295798823236164,0.3602704239566293,Not Significant,0.5991970759182695,1.0,Not Significant (FDR >= 0.05)
PER1,RORA,23,161,106,1004,1.353,0.436,0.2311735220388371,0.3602704239566293,Not Significant,1.7942369110417338,1.0,Not Significant (FDR >= 0.05)
PER3,RORC,24,168,106,996,1.342,0.425,0.2408608452357054,0.3705551465164698,Not Significant,1.1909866133104663,1.0,Not Significant (FDR >= 0.05)
NR1D1,PER2,15,68,162,1049,1.428,0.514,0.2462701684771314,0.3740812685728578,Not Significant,1.881733076163146,1.0,Not Significant (FDR >= 0.05)
RORC,TIMELESS,17,113,202,962,0.716,-0.481,0.2665507039576891,0.3998260559365337,Not Significant,1.3193482419684677,1.0,Not Significant (FDR >= 0.05)
NR1D1,NR1D2,9,74,91,1120,1.497,0.582,0.2846250502911255,0.4216667411720378,Not Significant,3.391555027980329,1.0,Not Significant (FDR >= 0.05)
CRY2,RORA,13,85,116,1080,1.424,0.51,0.2900001618358659,0.4243904807354135,Not Significant,1.0298130889243602,1.0,Not Significant (FDR >= 0.05)
NR1D2,PER1,18,82,166,1028,1.359,0.443,0.2952402353813254,0.4268533523585427,Not Significant,1.3049719431032234,1.0,Not Significant (FDR >= 0.05)
CRY1,CRY2,10,90,88,1106,1.396,0.482,0.3254960294857917,0.4649943278368453,Not Significant,0.5170898185014737,1.0,Not Significant (FDR >= 0.05)
CLOCK,PER1,26,130,158,980,1.241,0.311,0.3309109978983567,0.4671684676212095,Not Significant,1.6200328635238028,1.0,Not Significant (FDR >= 0.05)
NPAS2,PER1,28,139,156,971,1.254,0.326,0.341627478210468,0.4766895044797228,Not Significant,1.4129140342732576,1.0,Not Significant (FDR >= 0.05)
CSNK1E,NR1D1,3,86,80,1125,0.491,-1.028,0.3651340594746505,0.5036331854822765,Not Significant,0.0,1.0,Not Significant (FDR >= 0.05)
ARNTL,RORC,13,92,117,1072,1.295,0.373,0.3973489388353819,0.5418394620482481,Not Significant,1.4777597162701346,1.0,Not Significant (FDR >= 0.05)
CRY1,TIMELESS,20,80,199,995,1.25,0.322,0.4047568453789139,0.5457395668030299,Not Significant,2.3416461772626156,0.993900609939006,Not Significant (FDR >= 0.05)
CRY2,RORB,14,84,137,1059,1.288,0.365,0.4122642220469305,0.5496856293959073,Not Significant,1.8577001671930151,1.0,Not Significant (FDR >= 0.05)
CSNK1E,RORA,11,78,118,1087,1.299,0.378,0.4612454259619805,0.6078611877930044,Not Significant,2.0058839261834716,1.0,Not Significant (FDR >= 0.05)
PER3,TIMELESS,36,156,183,919,1.159,0.213,0.4660269106413033,0.6078611877930044,Not Significant,1.4232511801124368,1.0,Not Significant (FDR >= 0.05)
CLOCK,RORC,18,138,112,1026,1.195,0.257,0.4798130342744818,0.6191135926122346,Not Significant,1.127141568981064,1.0,Not Significant (FDR >= 0.05)
NR1D1,PER1,14,69,170,1041,1.242,0.313,0.5146257526494943,0.6569690459355246,Not Significant,1.2983640612827838,1.0,Not Significant (FDR >= 0.05)
PER1,RORB,24,160,127,983,1.161,0.215,0.5355591131204525,0.676495721836361,Not Significant,1.6172332373774947,1.0,Not Significant (FDR >= 0.05)
CLOCK,TIMELESS,29,127,190,948,1.139,0.188,0.5692386282898207,0.7095815788161954,Not Significant,1.8705574261129816,1.0,Not Significant (FDR >= 0.05)
NR1D2,TIMELESS,19,81,200,994,1.166,0.221,0.5785831627347702,0.7095815788161954,Not Significant,2.086375964948884,1.0,Not Significant (FDR >= 0.05)
NPAS2,RORC,19,148,111,1016,1.175,0.233,0.5805340334375086,0.7095815788161954,Not Significant,0.9856748587199368,1.0,Not Significant (FDR >= 0.05)
CSNK1E,RORC,7,82,123,1082,0.751,-0.413,0.5854048025233612,0.7095815788161954,Not Significant,0.758322590429969,1.0,Not Significant (FDR >= 0.05)
PER1,TIMELESS,28,156,191,919,0.864,-0.212,0.5954987779044788,0.7145985334853745,Not Significant,0.8097165991902834,1.0,Not Significant (FDR >= 0.05)
CLOCK,CSNK1E,12,144,77,1061,1.148,0.199,0.6153232769159347,0.7310771606921996,Not Significant,0.8613264427217915,1.0,Not Significant (FDR >= 0.05)
NR1D1,PER3,14,69,178,1033,1.177,0.236,0.631290754451638,0.7414842951266619,Not Significant,0.3808363165511463,1.0,Not Significant (FDR >= 0.05)
CSNK1D,TIMELESS,14,61,205,1014,1.135,0.183,0.6364406866503849,0.7414842951266619,Not Significant,0.7546030787805614,1.0,Not Significant (FDR >= 0.05)
CSNK1E,TIMELESS,13,76,206,999,0.83,-0.27,0.6604536868005748,0.7615255795350891,Not Significant,2.2653477308766896,1.0,Not Significant (FDR >= 0.05)
PER2,TIMELESS,32,145,187,930,1.098,0.134,0.666334882093203,0.7615255795350891,Not Significant,1.1702750146284375,1.0,Not Significant (FDR >= 0.05)
CRY2,TIMELESS,18,80,201,995,1.114,0.155,0.6750613247453099,0.7642203676361998,Not Significant,0.5850690381465012,1.0,Not Significant (FDR >= 0.05)
NR1D1,RORA,9,74,120,1091,1.106,0.145,0.7073938907752036,0.7933389429254619,Not Significant,0.0,1.0,Not Significant (FDR >= 0.05)
CLOCK,NR1D1,11,145,72,1066,1.123,0.168,0.7271432920227641,0.8079369911364046,Not Significant,1.212268153715602,1.0,Not Significant (FDR >= 0.05)
NR1D1,TIMELESS,15,68,204,1007,1.089,0.123,0.762574488118323,0.8395315465522822,Not Significant,1.0329511414110113,1.0,Not Significant (FDR >= 0.05)
RORB,RORC,16,135,114,1029,1.07,0.097,0.7741726296859321,0.8445519596573805,Not Significant,0.5277601857715853,1.0,Not Significant (FDR >= 0.05)
CSNK1D,RORA,8,67,121,1098,1.084,0.116,0.8419895747276529,0.9102589997055708,Not Significant,0.6639665360865813,1.0,Not Significant (FDR >= 0.05)
CRY1,RORC,9,91,121,1073,0.877,-0.189,0.8627723617164068,0.9236131323760676,Not Significant,0.5899705014749262,1.0,Not Significant (FDR >= 0.05)
CSNK1E,NPAS2,12,77,155,1050,1.056,0.078,0.8697356996541301,0.9236131323760676,Not Significant,1.4923702570607769,1.0,Not Significant (FDR >= 0.05)
RORA,RORC,12,117,118,1047,0.91,-0.136,0.877821390895281,0.9240225167318746,Not Significant,1.756337450968913,1.0,Not Significant (FDR >= 0.05)
RORB,TIMELESS,26,125,193,950,1.024,0.034,0.9082552358134848,0.947744593892332,Not Significant,0.5222750300308142,1.0,Not Significant (FDR >= 0.05)
ARNTL,NR1D1,6,99,77,1112,0.875,-0.192,1.0,1.0,Not Significant,0.0,1.0,Not Significant (FDR >= 0.05)
NR1D1,RORB,9,74,142,1069,0.916,-0.127,1.0,1.0,Not Significant,0.0,1.0,Not Significant (FDR >= 0.05)
CRY2,NR1D1,6,92,77,1119,0.948,-0.077,1.0,1.0,Not Significant,0.0,1.0,Not Significant (FDR >= 0.05)
CRY2,RORC,10,88,120,1076,1.019,0.027,1.0,1.0,Not Significant,1.1570056693277797,1.0,Not Significant (FDR >= 0.05)
RORA,TIMELESS,22,107,197,968,1.01,0.015,1.0,1.0,Not Significant,1.1676786548341895,1.0,Not Significant (FDR >= 0.05)
